ORDERNUMBER,PRODUCTCODE,ORDERLINENUMBER,QUANTITYORDERED,PRICEEACH,SALES
10107,S10_1678,2,30,95.7,2871
10121,S10_1678,5,34,81.35,2765.9
10134,S10_1678,2,41,94.74,3884.34
10145,S10_1678,6,45,83.26,3746.7
10168,S10_1678,1,36,96.66,3479.76
10180,S10_1678,9,29,86.13,2497.77
10188,S10_1678,1,48,114.84,5512.32
10211,S10_1678,14,41,114.84,4708.44
10223,S10_1678,1,37,107.18,3965.66
10237,S10_1678,7,23,101.44,2333.12
10251,S10_1678,2,28,113.88,3188.64
10263,S10_1678,2,34,108.14,3676.76
10275,S10_1678,1,45,92.83,4177.35
10285,S10_1678,6,36,113.88,4099.68
10299,S10_1678,9,23,112.93,2597.39
10309,S10_1678,5,41,107.18,4394.38
10318,S10_1678,1,46,94.74,4358.04
10329,S10_1678,1,42,104.67,4396.14
10341,S10_1678,9,41,188.73,7737.93
10361,S10_1678,13,20,72.55,1451
10375,S10_1678,12,21,34.91,733.11
10388,S10_1678,4,42,76.36,3207.12
10403,S10_1678,7,24,101.44,2434.56
10417,S10_1678,2,66,113.88,7516.08
10103,S10_1949,11,26,207.87,5404.62
10112,S10_1949,1,29,248.59,7209.11
10126,S10_1949,11,38,192.87,7329.06
10140,S10_1949,11,37,199.3,7374.1
10150,S10_1949,8,45,244.3,10993.5
10163,S10_1949,1,21,231.44,4860.24
10174,S10_1949,4,34,235.73,8014.82
10183,S10_1949,8,23,233.59,5372.57
10194,S10_1949,11,42,173.58,7290.36
10206,S10_1949,6,47,192.87,9064.89
10215,S10_1949,3,35,173.58,6075.3
10228,S10_1949,2,29,222.87,6463.23
10245,S10_1949,9,34,180.01,6120.34
10258,S10_1949,6,32,240.02,7680.64
10270,S10_1949,9,21,233.59,4905.39
10280,S10_1949,2,34,235.73,8014.82
10291,S10_1949,11,37,192.87,7136.19
10304,S10_1949,6,47,216.44,10172.7
10312,S10_1949,3,48,242.16,11623.7
10322,S10_1949,1,40,150.01,6000.4
10347,S10_1949,1,30,131.49,3944.7
10357,S10_1949,10,32,177.87,5691.84
10369,S10_1949,2,41,110.12,4514.92
10391,S10_1949,4,24,100.69,2416.56
10411,S10_1949,9,23,180.01,4140.23
10424,S10_1949,6,50,240.02,12001
10107,S10_2016,5,39,99.91,3896.49
10120,S10_2016,3,29,96.34,2793.86
10134,S10_2016,5,27,122.51,3307.77
10145,S10_2016,9,37,140.35,5192.95
10168,S10_2016,4,27,135.59,3660.93
10180,S10_2016,12,42,111.8,4695.6
10188,S10_2016,4,38,96.34,3660.92
10210,S10_2016,2,23,130.83,3009.09
10223,S10_2016,4,47,115.37,5422.39
10236,S10_2016,1,22,129.64,2852.08
10251,S10_2016,5,44,130.83,5756.52
10263,S10_2016,5,40,111.8,4472
10275,S10_2016,4,22,132.02,2904.44
10285,S10_2016,9,47,137.97,6484.59
10298,S10_2016,1,39,96.34,3757.26
10308,S10_2016,2,34,118.94,4043.96
10318,S10_2016,4,45,123.7,5566.5
10329,S10_2016,2,20,158.8,3176
10339,S10_2016,4,40,68.92,2756.8
10361,S10_2016,8,26,51.15,1329.9
10374,S10_2016,5,39,135.59,5288.01
10388,S10_2016,5,50,44.51,2225.5
10402,S10_2016,1,45,129.64,5833.8
10417,S10_2016,5,45,130.83,5887.35
10107,S10_4698,4,27,224.65,6065.55
10120,S10_4698,2,46,201.41,9264.86
10134,S10_4698,4,31,226.58,7023.98
10145,S10_4698,8,33,156.86,5176.38
10168,S10_4698,3,20,209.15,4183
10180,S10_4698,11,41,216.9,8892.9
10188,S10_4698,3,45,193.66,8714.7
10210,S10_4698,1,34,180.1,6123.4
10223,S10_4698,3,49,199.47,9774.03
10237,S10_4698,9,39,180.1,7023.9
10251,S10_4698,4,43,164.61,7078.23
10263,S10_4698,4,41,203.34,8336.94
10275,S10_4698,3,36,191.72,6901.92
10285,S10_4698,8,27,201.41,5438.07
10299,S10_4698,11,29,230.46,6683.34
10308,S10_4698,1,20,228.52,4570.4
10318,S10_4698,3,37,207.22,7667.14
10329,S10_4698,3,26,225.7,5868.2
10339,S10_4698,3,39,76.67,2990.13
10362,S10_4698,4,22,166.55,3664.1
10374,S10_4698,1,22,174.29,3834.38
10388,S10_4698,7,21,86.77,1822.17
10403,S10_4698,9,66,180.1,11886.6
10417,S10_4698,4,56,164.61,9218.16
10105,S10_4757,2,50,144.16,7208
10119,S10_4757,11,46,108.8,5004.8
10129,S10_4757,2,33,133.28,4398.24
10143,S10_4757,15,49,114.24,5597.76
10155,S10_4757,13,32,141.44,4526.08
10167,S10_4757,9,44,134.64,5924.16
10178,S10_4757,12,24,145.52,3492.48
10186,S10_4757,9,26,148.24,3854.24
10197,S10_4757,6,45,118.32,5324.4
10222,S10_4757,12,49,122.4,5997.6
10248,S10_4757,3,20,145.52,2910.4
10261,S10_4757,1,27,125.12,3378.24
10273,S10_4757,4,30,116.96,3508.8
10283,S10_4757,6,25,119.68,2992
10295,S10_4757,1,24,142.8,3427.2
10307,S10_4757,9,22,122.4,2692.8
10316,S10_4757,17,33,125.12,4128.96
10325,S10_4757,6,47,64.93,3051.71
10337,S10_4757,8,25,48.05,1201.25
10350,S10_4757,5,26,75.47,1962.22
10359,S10_4757,6,48,54.68,2624.64
10373,S10_4757,3,39,103.75,4046.25
10395,S10_4757,2,32,105.33,3370.56
10400,S10_4757,9,64,150.96,9661.44
10414,S10_4757,3,19,145.52,2764.88
10103,S10_4962,4,42,128.53,5398.26
10114,S10_4962,8,31,138.88,4305.28
10126,S10_4962,4,22,152.17,3347.74
10140,S10_4962,4,26,122.62,3188.12
10150,S10_4962,1,20,159.56,3191.2
10164,S10_4962,2,21,168.42,3536.82
10175,S10_4962,9,33,162.51,5362.83
10183,S10_4962,1,28,122.62,3433.36
10194,S10_4962,4,26,163.99,4263.74
10207,S10_4962,15,31,131.49,4076.19
10217,S10_4962,4,48,146.26,7020.48
10229,S10_4962,9,50,128.53,6426.5
10245,S10_4962,2,28,163.99,4591.72
10259,S10_4962,12,26,155.13,4033.38
10270,S10_4962,2,32,134.44,4302.08
10281,S10_4962,9,44,159.56,7020.64
10291,S10_4962,4,30,128.53,3855.9
10305,S10_4962,13,38,175.81,6680.78
10313,S10_4962,7,40,166.95,6678
10322,S10_4962,8,46,61.99,2851.54
10334,S10_4962,2,26,122.62,3188.12
10347,S10_4962,2,27,164,4428
10357,S10_4962,9,43,134.44,5780.92
10370,S10_4962,4,35,65.63,2297.05
10391,S10_4962,7,37,46.9,1735.3
10411,S10_4962,2,27,163.99,4427.73
10425,S10_4962,12,38,155.13,5894.94
10108,S12_1099,6,33,159.55,5265.15
10122,S12_1099,10,42,180.95,7599.9
10135,S12_1099,7,42,190.68,8008.56
10147,S12_1099,7,48,192.62,9245.76
10169,S12_1099,2,30,167.33,5019.9
10181,S12_1099,14,27,200.41,5411.07
10191,S12_1099,3,21,182.9,3840.9
10203,S12_1099,8,20,196.52,3930.4
10211,S12_1099,2,41,182.9,7498.9
10225,S12_1099,9,27,167.33,4517.91
10238,S12_1099,3,28,206.24,5774.72
10253,S12_1099,13,24,163.44,3922.56
10266,S12_1099,14,44,208.19,9160.36
10276,S12_1099,3,50,192.62,9631
10287,S12_1099,12,21,163.44,3432.24
10300,S12_1099,5,33,167.33,5521.89
10310,S12_1099,10,33,210.14,6934.62
10320,S12_1099,3,31,221.81,6876.11
10329,S12_1099,5,41,71.47,2930.27
10341,S12_1099,2,45,79.65,3584.25
10363,S12_1099,3,33,85.39,2817.87
10375,S12_1099,7,45,76,3420
10389,S12_1099,4,26,99.04,2575.04
10419,S12_1099,13,12,163.44,1961.28
10105,S12_1108,15,41,211.96,8690.36
10117,S12_1108,9,33,182.86,6034.38
10127,S12_1108,2,46,245.2,11279.2
10142,S12_1108,12,33,243.13,8023.29
10153,S12_1108,11,20,245.2,4904
10165,S12_1108,3,44,195.33,8594.52
10176,S12_1108,2,33,226.5,7474.5
10185,S12_1108,13,21,184.94,3883.74
10196,S12_1108,5,47,189.1,8887.7
10208,S12_1108,13,46,187.02,8602.92
10220,S12_1108,2,32,224.42,7181.44
10231,S12_1108,2,42,199.49,8378.58
10247,S12_1108,2,44,241.05,10606.2
10272,S12_1108,2,35,166.24,5818.4
10282,S12_1108,5,41,172.47,7071.27
10293,S12_1108,8,46,182.86,8411.56
10306,S12_1108,13,31,211.96,6570.76
10314,S12_1108,5,38,209.88,7975.44
10325,S12_1108,8,42,64,2688
10336,S12_1108,10,33,57.22,1888.26
10348,S12_1108,8,48,52.36,2513.28
10359,S12_1108,8,42,113.44,4764.48
10371,S12_1108,6,32,111.27,3560.64
10382,S12_1108,10,34,112.46,3823.64
10395,S12_1108,1,33,69.12,2280.96
10413,S12_1108,2,36,241.05,8677.8
10103,S12_1666,8,27,125.74,3394.98
10113,S12_1666,2,21,162.64,3415.44
10126,S12_1666,8,21,116.17,2439.57
10140,S12_1666,8,38,127.1,4829.8
10150,S12_1666,5,30,136.67,4100.1
10164,S12_1666,6,49,133.94,6563.06
10174,S12_1666,1,43,158.54,6817.22
10183,S12_1666,5,41,150.34,6163.94
10194,S12_1666,8,38,129.84,4933.92
10206,S12_1666,3,28,144.87,4056.36
10216,S12_1666,1,43,133.94,5759.42
10229,S12_1666,13,25,138.04,3451
10245,S12_1666,6,38,155.8,5920.4
10258,S12_1666,3,41,162.64,6668.24
10270,S12_1666,6,28,146.24,4094.72
10281,S12_1666,13,25,117.54,2938.5
10291,S12_1666,8,41,155.8,6387.8
10304,S12_1666,3,39,164,6396
10313,S12_1666,11,21,127.1,2669.1
10322,S12_1666,9,27,177.19,4784.13
10347,S12_1666,3,29,123.67,3586.43
10357,S12_1666,8,49,121.64,5960.36
10370,S12_1666,8,49,172.86,8470.14
10391,S12_1666,9,39,63.2,2464.8
10411,S12_1666,6,40,155.8,6232
10424,S12_1666,3,49,162.64,7969.36
10107,S12_2823,1,21,144.6,3036.6
10121,S12_2823,4,50,165.68,8284
10134,S12_2823,1,20,135.56,2711.2
10145,S12_2823,5,49,170.2,8339.8
10169,S12_2823,13,35,132.55,4639.25
10180,S12_2823,8,40,168.69,6747.6
10189,S12_2823,1,28,161.16,4512.48
10211,S12_2823,13,36,132.55,4771.8
10224,S12_2823,6,43,141.58,6087.94
10237,S12_2823,6,32,131.04,4193.28
10251,S12_2823,1,46,164.18,7552.28
10263,S12_2823,1,48,134.05,6434.4
10276,S12_2823,14,43,120.5,5181.5
10285,S12_2823,5,49,140.08,6863.92
10299,S12_2823,8,24,173.21,4157.04
10309,S12_2823,4,26,179.24,4660.24
10319,S12_2823,9,30,137.06,4111.8
10329,S12_2823,6,24,147.61,3542.64
10341,S12_2823,8,55,147.61,8118.55
10362,S12_2823,1,22,176.23,3877.06
10375,S12_2823,13,49,78.92,3867.08
10388,S12_2823,6,44,135.26,5951.44
10403,S12_2823,6,66,131.04,8648.64
10417,S12_2823,1,21,164.18,3447.78
10104,S12_3148,1,34,175.25,5958.5
10117,S12_3148,10,43,137.48,5911.64
10127,S12_3148,3,46,160.14,7366.44
10142,S12_3148,13,33,151.08,4985.64
10153,S12_3148,12,42,128.42,5393.64
10165,S12_3148,4,34,143.53,4880.02
10176,S12_3148,3,47,178.27,8378.69
10185,S12_3148,14,33,122.37,4038.21
10196,S12_3148,6,24,158.63,3807.12
10208,S12_3148,14,26,120.86,3142.36
10220,S12_3148,3,30,157.12,4713.6
10230,S12_3148,1,43,163.17,7016.31
10247,S12_3148,3,25,175.25,4381.25
10272,S12_3148,3,27,158.63,4283.01
10282,S12_3148,6,27,161.66,4364.82
10293,S12_3148,9,24,176.76,4242.24
10306,S12_3148,14,34,146.55,4982.7
10314,S12_3148,6,46,138.99,6393.54
10324,S12_3148,1,27,54.33,1466.91
10336,S12_3148,11,33,123.01,4059.33
10348,S12_3148,4,47,102.16,4801.52
10358,S12_3148,5,49,55.34,2711.66
10372,S12_3148,4,40,146.55,5862
10382,S12_3148,11,37,110.05,4071.85
10413,S12_3148,3,47,175.25,8236.75
10108,S12_3380,4,45,136.23,6130.35
10122,S12_3380,8,37,99.82,3693.34
10135,S12_3380,5,48,125.66,6031.68
10147,S12_3380,5,31,112.74,3494.94
10170,S12_3380,4,47,116.27,5464.69
10181,S12_3380,12,28,102.17,2860.76
10191,S12_3380,1,40,139.75,5590
10203,S12_3380,6,20,112.74,2254.8
10212,S12_3380,16,39,126.84,4946.76
10225,S12_3380,7,25,99.82,2495.5
10238,S12_3380,1,29,109.22,3167.38
10253,S12_3380,11,22,109.22,2402.84
10266,S12_3380,12,22,111.57,2454.54
10276,S12_3380,1,47,116.27,5464.69
10287,S12_3380,10,45,105.7,4756.5
10300,S12_3380,3,29,137.4,3984.6
10310,S12_3380,8,24,129.18,3100.32
10320,S12_3380,1,35,138.58,4850.3
10329,S12_3380,13,46,83.63,3846.98
10341,S12_3380,1,44,95.93,4220.92
10363,S12_3380,4,34,96.73,3288.82
10376,S12_3380,1,35,113.92,3987.2
10389,S12_3380,6,25,72.38,1809.5
10419,S12_3380,11,10,109.22,1092.2
10105,S12_3891,14,29,157.45,4566.05
10117,S12_3891,8,39,152.26,5938.14
10127,S12_3891,1,42,193.78,8138.76
10142,S12_3891,11,46,205.89,9470.94
10153,S12_3891,10,49,143.61,7036.89
10165,S12_3891,2,27,205.89,5559.03
10176,S12_3891,1,50,157.45,7872.5
10185,S12_3891,12,43,183.4,7886.2
10196,S12_3891,4,38,190.32,7232.16
10208,S12_3891,12,20,155.72,3114.4
10220,S12_3891,1,27,186.86,5045.22
10231,S12_3891,1,49,141.88,6952.12
10247,S12_3891,1,27,153.99,4157.73
10272,S12_3891,1,39,204.16,7962.24
10282,S12_3891,4,24,157.45,3778.8
10293,S12_3891,7,45,183.4,8253
10306,S12_3891,12,20,181.67,3633.4
10314,S12_3891,4,36,192.05,6913.8
10325,S12_3891,1,24,107.65,2583.6
10336,S12_3891,1,49,63.38,3105.62
10349,S12_3891,10,26,169.56,4408.56
10359,S12_3891,5,49,62.09,3042.41
10372,S12_3891,1,34,174.75,5941.5
10382,S12_3891,12,34,95.35,3241.9
10396,S12_3891,3,33,185.13,6109.29
10413,S12_3891,1,22,153.99,3387.78
10108,S12_3990,7,39,89.38,3485.82
10122,S12_3990,11,32,63.84,2042.88
10135,S12_3990,8,24,75.01,1800.24
10147,S12_3990,8,21,63.84,1340.64
10169,S12_3990,3,36,63.84,2298.24
10181,S12_3990,15,20,81.4,1628
10191,S12_3990,4,30,64.64,1939.2
10203,S12_3990,9,44,82.99,3651.56
10211,S12_3990,3,28,92.57,2591.96
10225,S12_3990,10,37,77.41,2864.17
10238,S12_3990,4,20,74.21,1484.2
10253,S12_3990,14,25,90.17,2254.25
10266,S12_3990,15,35,76.61,2681.35
10276,S12_3990,4,38,83.79,3184.02
10287,S12_3990,13,41,69.43,2846.63
10300,S12_3990,6,22,76.61,1685.42
10310,S12_3990,11,49,81.4,3988.6
10320,S12_3990,4,38,73.42,2789.96
10329,S12_3990,14,33,109.32,3607.56
10341,S12_3990,10,36,93.56,3368.16
10363,S12_3990,5,34,81.62,2775.08
10377,S12_3990,5,24,67.83,1627.92
10389,S12_3990,7,36,70.26,2529.36
10419,S12_3990,14,34,90.17,3065.78
10104,S12_4473,9,41,112.58,4615.78
10115,S12_4473,5,46,124.43,5723.78
10127,S12_4473,11,24,106.65,2559.6
10141,S12_4473,5,21,101.91,2140.11
10151,S12_4473,3,24,138.65,3327.6
10165,S12_4473,12,48,142.2,6825.6
10175,S12_4473,1,26,136.28,3543.28
10184,S12_4473,6,37,122.06,4516.22
10195,S12_4473,6,49,131.54,6445.46
10207,S12_4473,7,34,99.54,3384.36
10219,S12_4473,2,48,101.91,4891.68
10229,S12_4473,1,36,125.61,4521.96
10246,S12_4473,5,46,110.21,5069.66
10259,S12_4473,4,46,142.2,6541.2
10271,S12_4473,5,31,97.17,3012.27
10281,S12_4473,1,41,127.98,5247.18
10292,S12_4473,8,21,105.47,2214.87
10305,S12_4473,5,38,125.61,4773.18
10314,S12_4473,14,45,137.46,6185.7
10324,S12_4473,7,26,58.38,1517.88
10336,S12_4473,3,38,167.7,6372.6
10349,S12_4473,9,48,109.02,5232.96
10358,S12_4473,9,42,64.16,2694.72
10371,S12_4473,4,49,35.71,1749.79
10382,S12_4473,13,32,66.58,2130.56
10412,S12_4473,5,54,110.21,5951.34
10425,S12_4473,4,33,142.2,4692.6
10108,S12_4675,3,36,103.64,3731.04
10122,S12_4675,7,20,107.1,2142
10135,S12_4675,4,29,97.89,2838.81
10147,S12_4675,4,33,97.89,3230.37
10170,S12_4675,3,41,107.1,4391.1
10181,S12_4675,11,36,124.37,4477.32
10192,S12_4675,16,27,131.28,3544.56
10203,S12_4675,5,47,110.55,5195.85
10212,S12_4675,15,33,126.68,4180.44
10225,S12_4675,6,21,127.83,2684.43
10239,S12_4675,5,21,93.28,1958.88
10253,S12_4675,10,41,119.77,4910.57
10266,S12_4675,11,40,111.71,4468.4
10277,S12_4675,1,28,111.71,3127.88
10287,S12_4675,9,23,116.31,2675.13
10300,S12_4675,2,23,122.07,2807.61
10310,S12_4675,7,25,100.19,2504.75
10321,S12_4675,15,24,124.37,2984.88
10329,S12_4675,15,39,64.74,2524.86
10341,S12_4675,7,55,75.2,4136
10363,S12_4675,6,46,88.45,4068.7
10377,S12_4675,1,50,103.64,5182
10389,S12_4675,8,47,111.57,5243.79
10405,S12_4675,5,97,93.28,9048.16
10419,S12_4675,10,32,119.77,3832.64
10103,S18_1097,10,35,112,3920
10113,S18_1097,4,49,100.34,4916.66
10126,S18_1097,10,38,101.5,3857
10140,S18_1097,10,32,130.67,4181.44
10150,S18_1097,7,34,136.5,4641
10164,S18_1097,8,36,99.17,3570.12
10174,S18_1097,3,48,93.34,4480.32
10183,S18_1097,7,21,96.84,2033.64
10194,S18_1097,10,21,93.34,1960.14
10206,S18_1097,5,34,116.67,3966.78
10215,S18_1097,2,46,112,5152
10228,S18_1097,1,32,105,3360
10245,S18_1097,8,29,119,3451
10258,S18_1097,5,41,133,5453
10270,S18_1097,8,43,96.84,4164.12
10280,S18_1097,1,24,116.67,2800.08
10291,S18_1097,10,41,114.34,4687.94
10304,S18_1097,5,46,98,4508
10312,S18_1097,2,32,130.67,4181.44
10322,S18_1097,10,22,102.32,2251.04
10347,S18_1097,5,42,49.6,2083.2
10357,S18_1097,1,39,98,3822
10370,S18_1097,1,27,144.87,3911.49
10391,S18_1097,10,29,85.1,2467.9
10411,S18_1097,8,27,119,3213
10424,S18_1097,5,54,133,7182
10109,S18_1129,4,26,168.43,4379.18
10122,S18_1129,2,34,147.2,5004.8
10136,S18_1129,2,25,145.79,3644.75
10148,S18_1129,13,23,117.48,2702.04
10161,S18_1129,12,28,134.46,3764.88
10171,S18_1129,2,35,128.8,4508
10181,S18_1129,6,44,123.14,5418.16
10192,S18_1129,11,22,150.03,3300.66
10204,S18_1129,17,42,147.2,6182.4
10212,S18_1129,10,29,144.37,4186.73
10225,S18_1129,1,32,141.54,4529.28
10240,S18_1129,3,41,137.29,5628.89
10253,S18_1129,5,26,117.48,3054.48
10266,S18_1129,6,21,120.31,2526.51
10278,S18_1129,6,34,137.29,4667.86
10287,S18_1129,4,41,158.52,6499.32
10301,S18_1129,8,37,159.94,5917.78
10310,S18_1129,2,37,168.43,6231.91
10321,S18_1129,10,41,141.54,5803.14
10331,S18_1129,6,46,139.87,6434.02
10342,S18_1129,2,40,161.36,6454.4
10356,S18_1129,8,43,97.6,4196.8
10365,S18_1129,1,30,87.06,2611.8
10377,S18_1129,2,35,168.43,5895.05
10390,S18_1129,14,36,93.77,3375.72
10406,S18_1129,3,61,137.29,8374.69
10419,S18_1129,5,38,117.48,4464.24
10102,S18_1342,2,39,123.29,4808.31
10125,S18_1342,1,32,101.71,3254.72
10139,S18_1342,7,31,102.74,3184.94
10149,S18_1342,4,50,118.15,5907.5
10173,S18_1342,6,43,117.12,5036.16
10182,S18_1342,3,25,87.33,2183.25
10193,S18_1342,7,28,110.96,3106.88
10205,S18_1342,2,36,103.77,3735.72
10215,S18_1342,10,27,89.38,2413.26
10227,S18_1342,3,25,118.15,2953.75
10244,S18_1342,7,40,117.12,4684.8
10256,S18_1342,2,34,95.55,3248.7
10280,S18_1342,9,50,104.79,5239.5
10289,S18_1342,2,38,120.21,4567.98
10304,S18_1342,13,37,95.55,3535.35
10312,S18_1342,10,43,89.38,3843.34
10322,S18_1342,14,43,86.3,3710.9
10332,S18_1342,15,46,95.13,4375.98
10346,S18_1342,3,42,36.11,1516.62
10356,S18_1342,9,50,50.18,2509
10369,S18_1342,8,44,210.01,9240.44
10380,S18_1342,13,27,93.16,2515.32
10391,S18_1342,2,35,158.54,5548.9
10422,S18_1342,2,51,95.55,4873.05
10102,S18_1367,1,41,50.14,2055.74
10126,S18_1367,17,42,54.99,2309.58
10139,S18_1367,6,49,43.13,2113.37
10149,S18_1367,3,30,58.22,1746.6
10173,S18_1367,5,48,44.21,2122.08
10182,S18_1367,2,32,54.45,1742.4
10193,S18_1367,6,46,53.37,2455.02
10205,S18_1367,1,48,63.61,3053.28
10215,S18_1367,9,33,43.13,1423.29
10227,S18_1367,2,31,48.52,1504.12
10244,S18_1367,6,20,58.22,1164.4
10256,S18_1367,1,29,51.75,1500.75
10280,S18_1367,8,27,57.68,1557.36
10289,S18_1367,1,24,56.07,1345.68
10304,S18_1367,12,37,48.52,1795.24
10312,S18_1367,9,25,44.21,1105.25
10322,S18_1367,5,41,57.68,2364.88
10332,S18_1367,16,27,89.89,2427.03
10347,S18_1367,7,21,58.95,1237.95
10356,S18_1367,6,22,72.41,1593.02
10369,S18_1367,7,32,98.63,3156.16
10391,S18_1367,3,42,119,4998
10422,S18_1367,1,25,51.75,1293.75
10110,S18_1589,16,37,146.84,5433.08
10123,S18_1589,2,26,118.22,3073.72
10137,S18_1589,2,44,99.55,4380.2
10148,S18_1589,9,47,124.44,5848.68
10161,S18_1589,8,43,143.11,6153.73
10172,S18_1589,6,42,118.22,4965.24
10181,S18_1589,2,42,129.42,5435.64
10192,S18_1589,7,29,146.84,4258.36
10204,S18_1589,13,40,100.8,4032
10212,S18_1589,6,38,118.22,4492.36
10226,S18_1589,4,38,109.51,4161.38
10241,S18_1589,11,21,119.46,2508.66
10253,S18_1589,1,24,140.62,3374.88
10266,S18_1589,2,36,144.35,5196.6
10278,S18_1589,2,23,113.24,2604.52
10288,S18_1589,14,20,146.84,2936.8
10301,S18_1589,4,32,107.02,3424.64
10311,S18_1589,9,29,100.8,2923.2
10321,S18_1589,6,44,102.04,4489.76
10331,S18_1589,14,44,110.21,4849.24
10343,S18_1589,4,36,162.47,5848.92
10367,S18_1589,1,49,56.3,2758.7
10378,S18_1589,5,34,42.64,1449.76
10407,S18_1589,11,59,119.46,7048.14
10419,S18_1589,1,37,140.62,5202.94
10106,S18_1662,12,36,146.65,5279.4
10119,S18_1662,3,43,160.84,6916.12
10131,S18_1662,4,21,132.46,2781.66
10143,S18_1662,7,32,164,5248
10155,S18_1662,5,38,171.88,6531.44
10167,S18_1662,1,43,134.04,5763.72
10178,S18_1662,4,42,154.54,6490.68
10186,S18_1662,1,32,187.65,6004.8
10198,S18_1662,4,42,178.19,7483.98
10210,S18_1662,17,31,184.5,5719.5
10222,S18_1662,4,49,141.92,6954.08
10250,S18_1662,14,45,181.34,8160.3
10262,S18_1662,9,49,134.04,6567.96
10274,S18_1662,1,41,164,6724
10284,S18_1662,11,45,127.73,5747.85
10296,S18_1662,7,36,157.69,5676.84
10307,S18_1662,1,39,189.23,7379.97
10316,S18_1662,9,27,137.19,3704.13
10327,S18_1662,6,25,112.19,2804.75
10338,S18_1662,1,41,137.19,5624.79
10351,S18_1662,1,39,99.52,3881.28
10373,S18_1662,4,28,57.55,1611.4
10386,S18_1662,7,25,54.57,1364.25
10398,S18_1662,11,33,127.73,4215.09
10400,S18_1662,1,34,189.23,6433.82
10416,S18_1662,14,24,181.34,4352.16
10100,S18_1749,3,30,171.7,5151
10110,S18_1749,7,42,144.5,6069
10124,S18_1749,6,21,136,2856
10149,S18_1749,11,34,158.1,5375.4
10173,S18_1749,13,24,146.2,3508.8
10182,S18_1749,10,44,171.7,7554.8
10193,S18_1749,14,21,149.6,3141.6
10204,S18_1749,4,33,178.5,5890.5
10214,S18_1749,7,30,198.9,5967
10227,S18_1749,10,26,142.8,3712.8
10241,S18_1749,2,41,185.3,7597.3
10280,S18_1749,16,26,141.1,3668.6
10288,S18_1749,5,32,183.6,5875.2
10302,S18_1749,1,43,170,7310
10312,S18_1749,17,48,168.3,8078.4
10331,S18_1749,7,44,74.04,3257.76
10344,S18_1749,1,45,170,7650
10367,S18_1749,3,37,127.13,4703.81
10379,S18_1749,2,39,138.45,5399.55
10407,S18_1749,2,76,185.3,14082.8
10420,S18_1749,5,37,142.8,5283.6
10108,S18_1889,2,38,82.39,3130.82
10122,S18_1889,6,43,72.38,3112.34
10135,S18_1889,3,48,79.31,3806.88
10147,S18_1889,3,26,82.39,2142.14
10170,S18_1889,2,20,63.14,1262.8
10181,S18_1889,10,22,73.92,1626.24
10192,S18_1889,15,45,90.86,4088.7
10203,S18_1889,4,45,85.47,3846.15
10212,S18_1889,14,20,66.99,1339.8
10225,S18_1889,5,47,64.68,3039.96
10239,S18_1889,4,46,73.92,3400.32
10253,S18_1889,9,23,83.93,1930.39
10266,S18_1889,10,33,74.69,2464.77
10278,S18_1889,10,29,90.86,2634.94
10287,S18_1889,8,44,82.39,3625.16
10300,S18_1889,1,41,92.4,3788.4
10310,S18_1889,6,20,91.63,1832.6
10321,S18_1889,14,37,78.54,2905.98
10329,S18_1889,9,29,101.89,2954.81
10342,S18_1889,1,55,65.45,3599.75
10363,S18_1889,7,22,167.57,3686.54
10377,S18_1889,4,31,67.76,2100.56
10389,S18_1889,3,49,79.22,3881.78
10405,S18_1889,4,61,73.92,4509.12
10419,S18_1889,9,39,83.93,3273.27
10109,S18_1984,3,38,116.65,4432.7
10122,S18_1984,1,31,132.29,4100.99
10136,S18_1984,1,36,146.52,5274.72
10148,S18_1984,12,25,169.28,4232
10161,S18_1984,11,48,128.03,6145.44
10171,S18_1984,1,35,133.72,4680.2
10181,S18_1984,5,21,156.48,3286.08
10192,S18_1984,10,47,157.9,7421.3
10204,S18_1984,16,38,169.28,6432.64
10212,S18_1984,9,41,118.07,4840.87
10226,S18_1984,7,24,162.17,3892.08
10240,S18_1984,2,37,149.36,5526.32
10253,S18_1984,4,33,135.14,4459.62
10266,S18_1984,5,49,126.6,6203.4
10278,S18_1984,5,29,129.45,3754.05
10287,S18_1984,3,24,146.52,3516.48
10301,S18_1984,7,47,159.32,7488.04
10310,S18_1984,1,24,143.67,3448.08
10321,S18_1984,9,25,149.36,3734
10331,S18_1984,8,30,32.47,974.1
10342,S18_1984,3,22,143.67,3160.74
10356,S18_1984,2,27,64.69,1746.63
10366,S18_1984,3,34,123.76,4207.84
10377,S18_1984,6,36,120.91,4352.76
10390,S18_1984,15,34,43.05,1463.7
10406,S18_1984,2,48,149.36,7169.28
10419,S18_1984,4,34,135.14,4594.76
10104,S18_2238,8,24,144.08,3457.92
10115,S18_2238,4,46,160.46,7381.16
10127,S18_2238,10,45,158.82,7146.9
10141,S18_2238,4,39,152.27,5938.53
10151,S18_2238,2,43,165.37,7110.91
10165,S18_2238,11,29,173.55,5032.95
10176,S18_2238,10,20,183.38,3667.6
10184,S18_2238,5,46,160.46,7381.16
10195,S18_2238,5,27,189.93,5128.11
10207,S18_2238,6,44,160.46,7060.24
10219,S18_2238,1,43,196.48,8448.64
10230,S18_2238,8,49,148.99,7300.51
10246,S18_2238,4,40,163.73,6549.2
10259,S18_2238,3,30,189.93,5697.9
10271,S18_2238,4,50,183.38,9169
10282,S18_2238,13,23,140.81,3238.63
10292,S18_2238,7,26,175.19,4554.94
10305,S18_2238,4,27,145.72,3934.44
10314,S18_2238,13,42,137.53,5776.26
10324,S18_2238,8,47,153.35,7207.45
10336,S18_2238,6,49,152.26,7460.74
10349,S18_2238,8,38,176.83,6719.54
10358,S18_2238,10,20,121.4,2428
10371,S18_2238,7,25,104.09,2602.25
10382,S18_2238,5,25,88,2200
10412,S18_2238,4,41,163.73,6712.93
10425,S18_2238,3,28,189.93,5318.04
10100,S18_2248,2,50,67.8,3390
10110,S18_2248,6,32,50.25,1608
10124,S18_2248,5,42,53.88,2262.96
10149,S18_2248,10,24,62.36,1496.64
10173,S18_2248,12,26,57.51,1495.26
10182,S18_2248,9,38,61.15,2323.7
10193,S18_2248,13,42,59.33,2491.86
10204,S18_2248,3,23,71.44,1643.12
10214,S18_2248,6,21,62.96,1322.16
10227,S18_2248,9,28,50.85,1423.8
10241,S18_2248,1,33,72.65,2397.45
10280,S18_2248,15,25,62.96,1574
10288,S18_2248,4,28,61.75,1729
10303,S18_2248,2,46,49.04,2255.84
10312,S18_2248,16,30,61.15,1834.5
10332,S18_2248,9,38,84.25,3201.5
10344,S18_2248,2,40,56.91,2276.4
10367,S18_2248,4,45,197.44,8884.8
10379,S18_2248,1,27,49.3,1331.1
10407,S18_2248,1,42,72.65,3051.3
10420,S18_2248,4,36,63.57,2288.52
10104,S18_2319,12,29,130.09,3772.61
10114,S18_2319,3,39,106.78,4164.42
10127,S18_2319,14,45,139.91,6295.95
10141,S18_2319,8,47,133.78,6287.66
10151,S18_2319,6,49,110.46,5412.54
10165,S18_2319,15,46,130.09,5984.14
10175,S18_2319,4,48,122.73,5891.04
10184,S18_2319,9,46,130.09,5984.14
10195,S18_2319,9,35,103.09,3608.15
10207,S18_2319,10,43,133.78,5752.54
10229,S18_2319,4,26,144.82,3765.32
10246,S18_2319,8,22,98.18,2159.96
10259,S18_2319,7,34,99.41,3379.94
10271,S18_2319,8,50,101.87,5093.5
10281,S18_2319,4,48,120.28,5773.44
10292,S18_2319,11,41,110.46,4528.86
10305,S18_2319,8,36,133.78,4816.08
10313,S18_2319,2,29,117.82,3416.78
10324,S18_2319,10,33,37.48,1236.84
10334,S18_2319,6,46,126.41,5814.86
10349,S18_2319,7,38,137.46,5223.48
10358,S18_2319,11,20,36.42,728.4
10370,S18_2319,5,22,179.5,3949
10383,S18_2319,11,27,142.37,3843.99
10412,S18_2319,8,56,98.18,5498.08
10425,S18_2319,7,38,99.41,3777.58
10101,S18_2325,4,25,151.28,3782
10110,S18_2325,4,33,116.96,3859.68
10124,S18_2325,3,42,105.52,4431.84
10149,S18_2325,8,33,150.01,4950.33
10173,S18_2325,10,31,144.93,4492.83
10182,S18_2325,7,20,110.6,2212
10193,S18_2325,11,44,105.52,4642.88
10204,S18_2325,1,26,123.32,3206.32
10214,S18_2325,4,27,133.49,3604.23
10227,S18_2325,7,46,152.56,7017.76
10243,S18_2325,2,47,130.94,6154.18
10280,S18_2325,13,37,128.4,4750.8
10288,S18_2325,2,31,123.32,3822.92
10304,S18_2325,17,24,101.7,2440.8
10312,S18_2325,14,31,152.56,4729.36
10322,S18_2325,6,50,250.73,12536.5
10332,S18_2325,8,35,64.69,2264.15
10344,S18_2325,3,30,130.94,3928.2
10356,S18_2325,3,29,125.18,3630.22
10367,S18_2325,5,27,155.41,4196.07
10380,S18_2325,10,40,123.29,4931.6
10390,S18_2325,16,31,98.99,3068.69
10409,S18_2325,2,6,130.94,785.64
10420,S18_2325,2,45,110.6,4977
10103,S18_2432,2,22,54.09,1189.98
10114,S18_2432,6,45,68.67,3090.15
10126,S18_2432,2,43,65.02,2795.86
10140,S18_2432,2,46,61.99,2851.54
10151,S18_2432,9,39,69.28,2701.92
10165,S18_2432,18,31,71.1,2204.1
10175,S18_2432,7,41,69.28,2840.48
10184,S18_2432,12,44,60.16,2647.04
10194,S18_2432,2,45,70.49,3172.05
10207,S18_2432,13,37,69.89,2585.93
10217,S18_2432,2,35,61.38,2148.3
10229,S18_2432,7,28,59.55,1667.4
10246,S18_2432,11,30,61.99,1859.7
10259,S18_2432,10,30,49.22,1476.6
10271,S18_2432,11,25,69.28,1732
10281,S18_2432,7,29,57.73,1674.17
10291,S18_2432,2,26,57.73,1500.98
10305,S18_2432,11,41,53.48,2192.68
10313,S18_2432,5,34,52.87,1797.58
10322,S18_2432,11,35,61.21,2142.35
10334,S18_2432,1,34,61.38,2086.92
10347,S18_2432,8,50,136.69,6834.5
10357,S18_2432,7,41,61.99,2541.59
10370,S18_2432,7,22,96.86,2130.92
10391,S18_2432,5,44,38.5,1694
10412,S18_2432,11,47,61.99,2913.53
10425,S18_2432,10,19,49.22,935.18
10106,S18_2581,2,34,90.39,3073.26
10120,S18_2581,8,29,71.81,2082.49
10133,S18_2581,3,49,69.27,3394.23
10145,S18_2581,14,30,85.32,2559.6
10168,S18_2581,9,21,70.96,1490.16
10210,S18_2581,7,50,76.88,3844
10223,S18_2581,9,47,100.53,4724.91
10235,S18_2581,3,24,76.03,1824.72
10250,S18_2581,4,27,98.84,2668.68
10263,S18_2581,10,33,86.17,2843.61
10275,S18_2581,9,35,90.39,3163.65
10284,S18_2581,1,31,71.81,2226.11
10297,S18_2581,4,25,82.79,2069.75
10308,S18_2581,7,27,82.79,2235.33
10318,S18_2581,9,31,100.53,3116.43
10327,S18_2581,8,45,106.26,4781.7
10339,S18_2581,2,27,104.1,2810.7
10353,S18_2581,1,27,130.21,3515.67
10374,S18_2581,2,42,69.27,2909.34
10386,S18_2581,18,21,74.77,1570.17
10398,S18_2581,15,34,76.88,2613.92
10401,S18_2581,3,42,76.03,3193.26
10416,S18_2581,4,15,98.84,1482.6
10107,S18_2625,6,29,70.87,2055.23
10120,S18_2625,4,46,58.15,2674.9
10134,S18_2625,6,30,61.78,1853.4
10145,S18_2625,10,30,49.67,1490.1
10168,S18_2625,5,46,61.18,2814.28
10180,S18_2625,13,25,64.2,1605
10188,S18_2625,5,32,65.42,2093.44
10210,S18_2625,3,40,49.67,1986.8
10223,S18_2625,5,28,60.57,1695.96
10236,S18_2625,2,23,55.72,1281.56
10251,S18_2625,6,29,61.18,1774.22
10263,S18_2625,6,34,58.75,1997.5
10275,S18_2625,5,37,63.6,2353.2
10285,S18_2625,10,20,49.06,981.2
10298,S18_2625,2,32,48.46,1550.72
10308,S18_2625,3,34,52.09,1771.06
10318,S18_2625,5,42,52.7,2213.4
10329,S18_2625,12,38,138.58,5266.04
10339,S18_2625,1,30,62.16,1864.8
10362,S18_2625,3,23,49.67,1142.41
10374,S18_2625,4,22,53.3,1172.6
10389,S18_2625,5,39,179,6981
10402,S18_2625,2,55,55.72,3064.6
10417,S18_2625,6,36,61.18,2202.48
10101,S18_2795,1,26,145.13,3773.38
10110,S18_2795,1,31,163.69,5074.39
10125,S18_2795,2,34,190.69,6483.46
10139,S18_2795,8,41,194.06,7956.46
10149,S18_2795,5,23,183.94,4230.62
10173,S18_2795,7,22,156.94,3452.68
10182,S18_2795,4,21,145.13,3047.73
10193,S18_2795,8,22,167.06,3675.32
10205,S18_2795,3,40,187.31,7492.4
10214,S18_2795,1,50,190.69,9534.5
10227,S18_2795,4,29,192.38,5579.02
10244,S18_2795,8,43,138.38,5950.34
10255,S18_2795,1,24,155.25,3726
10280,S18_2795,10,22,202.5,4455
10289,S18_2795,3,43,192.38,8272.34
10304,S18_2795,14,20,178.88,3577.6
10312,S18_2795,11,25,155.25,3881.25
10322,S18_2795,2,36,161.04,5797.44
10332,S18_2795,1,24,52.67,1264.08
10347,S18_2795,6,21,229.3,4815.3
10356,S18_2795,1,30,148.74,4462.2
10367,S18_2795,7,32,94.79,3033.28
10380,S18_2795,8,21,47.18,990.78
10390,S18_2795,7,26,78.11,2030.86
10421,S18_2795,1,35,155.25,5433.75
10109,S18_2870,1,26,121.44,3157.44
10123,S18_2870,3,46,112.2,5161.2
10137,S18_2870,3,37,117.48,4346.76
10148,S18_2870,10,27,130.68,3528.36
10161,S18_2870,9,23,138.6,3187.8
10172,S18_2870,7,39,154.44,6023.16
10181,S18_2870,3,27,143.88,3884.76
10192,S18_2870,8,38,130.68,4965.84
10204,S18_2870,14,27,154.44,4169.88
10212,S18_2870,7,40,122.76,4910.4
10226,S18_2870,5,24,134.64,3231.36
10241,S18_2870,12,44,155.76,6853.44
10253,S18_2870,2,37,139.92,5177.04
10266,S18_2870,3,20,141.24,2824.8
10278,S18_2870,3,39,110.88,4324.32
10287,S18_2870,1,44,114.84,5052.96
10301,S18_2870,5,22,146.52,3223.44
10311,S18_2870,10,43,122.76,5278.68
10321,S18_2870,7,27,105.6,2851.2
10331,S18_2870,10,26,64.9,1687.4
10343,S18_2870,3,25,52.32,1308
10366,S18_2870,2,49,125.4,6144.6
10379,S18_2870,5,29,176.8,5127.2
10407,S18_2870,12,41,155.76,6386.16
10419,S18_2870,2,55,139.92,7695.6
10103,S18_2949,12,27,83.07,2242.89
10112,S18_2949,2,23,110.43,2539.89
10126,S18_2949,12,31,90.17,2795.27
10139,S18_2949,1,46,120.56,5545.76
10150,S18_2949,9,47,91.18,4285.46
10163,S18_2949,2,31,107.39,3329.09
10174,S18_2949,5,46,121.57,5592.22
10183,S18_2949,9,37,89.15,3298.55
10193,S18_2949,1,28,93.21,2609.88
10206,S18_2949,7,37,90.17,3336.29
10215,S18_2949,4,49,112.45,5510.05
10228,S18_2949,3,24,104.35,2504.4
10244,S18_2949,1,30,117.52,3525.6
10257,S18_2949,1,50,88.14,4407
10270,S18_2949,10,31,96.24,2983.44
10280,S18_2949,3,46,111.44,5126.24
10291,S18_2949,12,47,121.57,5713.79
10304,S18_2949,7,46,100.3,4613.8
10312,S18_2949,4,37,100.3,3711.1
10322,S18_2949,12,33,106.81,3524.73
10347,S18_2949,9,48,100.3,4814.4
10357,S18_2949,6,41,87.13,3572.33
10369,S18_2949,1,42,109.08,4581.36
10391,S18_2949,6,32,45.25,1448
10423,S18_2949,1,10,88.14,881.4
10103,S18_2957,14,35,57.46,2011.1
10126,S18_2957,14,46,73.7,3390.2
10139,S18_2957,3,20,71.2,1424
10150,S18_2957,11,30,49.97,1499.1
10163,S18_2957,4,48,69.96,3358.08
10173,S18_2957,2,28,53.72,1504.16
10183,S18_2957,11,39,68.08,2655.12
10193,S18_2957,3,24,51.84,1244.16
10206,S18_2957,9,28,67.46,1888.88
10215,S18_2957,6,31,58.71,1820.01
10228,S18_2957,5,45,63.71,2866.95
10244,S18_2957,3,24,58.09,1394.16
10257,S18_2957,3,49,53.72,2632.28
10269,S18_2957,1,32,63.08,2018.56
10280,S18_2957,5,43,68.71,2954.53
10291,S18_2957,14,37,50.59,1871.83
10304,S18_2957,9,24,64.96,1559.04
10312,S18_2957,6,35,53.72,1880.2
10322,S18_2957,13,41,29.87,1224.67
10332,S18_2957,17,26,114.58,2979.08
10347,S18_2957,10,34,64.96,2208.64
10357,S18_2957,5,49,70.58,3458.42
10369,S18_2957,6,28,44.21,1237.88
10392,S18_2957,3,37,59.96,2218.52
10423,S18_2957,3,31,53.72,1665.32
10106,S18_3029,18,41,83.44,3421.04
10119,S18_3029,9,21,89.46,1878.66
10130,S18_3029,2,40,96.34,3853.6
10143,S18_3029,13,46,74.84,3442.64
10155,S18_3029,11,44,79.14,3482.16
10167,S18_3029,7,46,73.12,3363.52
10178,S18_3029,10,41,81.72,3350.52
10186,S18_3029,7,32,89.46,2862.72
10197,S18_3029,4,46,87.74,4036.04
10222,S18_3029,10,49,94.62,4636.38
10248,S18_3029,1,21,73.98,1553.58
10262,S18_3029,15,32,84.3,2697.6
10273,S18_3029,2,34,98.06,3334.04
10283,S18_3029,4,21,98.06,2059.26
10296,S18_3029,13,21,96.34,2023.14
10307,S18_3029,7,31,83.44,2586.64
10316,S18_3029,15,21,94.62,1987.02
10327,S18_3029,5,25,45.86,1146.5
10338,S18_3029,3,28,82.58,2312.24
10350,S18_3029,6,43,64.97,2793.71
10373,S18_3029,5,22,86.74,1908.28
10386,S18_3029,5,37,93.01,3441.37
10398,S18_3029,18,28,72.26,2023.28
10400,S18_3029,7,30,74.84,2245.2
10414,S18_3029,1,44,73.98,3255.12
10103,S18_3136,13,25,101.58,2539.5
10126,S18_3136,13,30,97.39,2921.7
10139,S18_3136,2,20,90.06,1801.2
10150,S18_3136,10,26,107.86,2804.36
10163,S18_3136,3,40,122.52,4900.8
10173,S18_3136,1,31,89.01,2759.31
10183,S18_3136,10,22,113.1,2488.2
10193,S18_3136,2,23,120.43,2769.89
10206,S18_3136,8,30,119.38,3581.4
10215,S18_3136,5,49,107.86,5285.14
10228,S18_3136,4,31,102.63,3181.53
10244,S18_3136,2,29,115.19,3340.51
10257,S18_3136,2,37,84.82,3138.34
10270,S18_3136,11,38,125.66,4775.08
10280,S18_3136,4,29,103.67,3006.43
10291,S18_3136,13,23,124.62,2866.26
10304,S18_3136,8,26,85.87,2232.62
10312,S18_3136,5,38,117.29,4457.02
10322,S18_3136,7,48,47.04,2257.92
10332,S18_3136,18,40,39.8,1592
10347,S18_3136,11,45,109.96,4948.2
10357,S18_3136,4,44,117.29,5160.76
10369,S18_3136,5,21,94.22,1978.62
10392,S18_3136,2,29,86.92,2520.68
10423,S18_3136,2,21,84.82,1781.22
10105,S18_3140,11,22,139.32,3065.04
10117,S18_3140,5,26,136.59,3551.34
10128,S18_3140,2,41,135.22,5544.02
10142,S18_3140,8,47,128.39,6034.33
10153,S18_3140,7,31,117.47,3641.57
10166,S18_3140,2,43,161.18,6930.74
10177,S18_3140,9,23,159.81,3675.63
10185,S18_3140,9,28,122.93,3442.04
10196,S18_3140,1,49,140.69,6893.81
10208,S18_3140,9,24,109.27,2622.48
10221,S18_3140,3,33,133.86,4417.38
10232,S18_3140,6,22,163.91,3606.02
10248,S18_3140,12,32,118.83,3802.56
10273,S18_3140,13,40,125.66,5026.4
10282,S18_3140,1,43,155.71,6695.53
10293,S18_3140,4,24,117.47,2819.28
10306,S18_3140,9,32,117.47,3759.04
10314,S18_3140,1,20,136.59,2731.8
10325,S18_3140,9,24,69.12,1658.88
10336,S18_3140,12,48,120.38,5778.24
10350,S18_3140,1,44,117.98,5191.12
10372,S18_3140,3,28,137.96,3862.88
10383,S18_3140,9,24,61.52,1476.48
10396,S18_3140,2,33,159.81,5273.73
10414,S18_3140,12,41,118.83,4872.03
10104,S18_3232,13,23,198.13,4556.99
10109,S18_3232,5,46,179.5,8257
10114,S18_3232,4,48,171.03,8209.44
10122,S18_3232,3,25,143.94,3598.5
10127,S18_3232,15,22,174.42,3837.24
10136,S18_3232,3,41,203.21,8331.61
10141,S18_3232,9,34,142.25,4836.5
10148,S18_3232,14,32,169.34,5418.88
10151,S18_3232,7,21,177.81,3734.01
10165,S18_3232,16,47,186.27,8754.69
10171,S18_3232,3,39,140.55,5481.45
10175,S18_3232,5,29,152.41,4419.89
10181,S18_3232,7,45,140.55,6324.75
10184,S18_3232,10,28,157.49,4409.72
10192,S18_3232,12,26,150.71,3918.46
10195,S18_3232,10,50,152.41,7620.5
10203,S18_3232,1,48,172.73,8291.04
10207,S18_3232,11,25,157.49,3937.25
10212,S18_3232,11,40,138.86,5554.4
10225,S18_3232,2,43,149.02,6407.86
10229,S18_3232,5,22,189.66,4172.52
10239,S18_3232,1,47,150.71,7083.37
10246,S18_3232,9,36,198.13,7132.68
10253,S18_3232,6,40,169.34,6773.6
10259,S18_3232,8,27,135.47,3657.69
10266,S18_3232,7,29,165.95,4812.55
10271,S18_3232,9,20,196.43,3928.6
10278,S18_3232,7,42,152.41,6401.22
10281,S18_3232,5,25,167.65,4191.25
10287,S18_3232,5,36,162.57,5852.52
10292,S18_3232,12,21,135.47,2844.87
10301,S18_3232,9,23,174.42,4011.66
10305,S18_3232,9,37,201.51,7455.87
10310,S18_3232,3,48,186.27,8940.96
10313,S18_3232,3,25,182.89,4572.25
10321,S18_3232,11,33,172.73,5700.09
10324,S18_3232,12,27,116.87,3155.49
10331,S18_3232,11,27,154.47,4170.69
10334,S18_3232,3,20,143.94,2878.8
10342,S18_3232,4,30,167.65,5029.5
10349,S18_3232,6,48,154.1,7396.8
10358,S18_3232,12,32,93.49,2991.68
10366,S18_3232,1,34,184.58,6275.72
10370,S18_3232,9,27,56.85,1534.95
10377,S18_3232,3,39,186.27,7264.53
10383,S18_3232,6,47,146.15,6869.05
10394,S18_3232,5,22,152.41,3353.02
10405,S18_3232,1,55,150.71,8289.05
10412,S18_3232,9,60,198.13,11887.8
10419,S18_3232,6,35,169.34,5926.9
10425,S18_3232,8,28,135.47,3793.16
10105,S18_3259,13,38,113.95,4330.1
10117,S18_3259,7,21,95.8,2011.8
10128,S18_3259,4,41,117.98,4837.18
10142,S18_3259,10,22,97.81,2151.82
10153,S18_3259,9,29,88.74,2573.46
10165,S18_3259,1,50,106.89,5344.5
10177,S18_3259,11,29,105.88,3070.52
10185,S18_3259,11,49,80.67,3952.83
10196,S18_3259,3,35,101.85,3564.75
10208,S18_3259,11,48,116.97,5614.56
10221,S18_3259,5,23,80.67,1855.41
10232,S18_3259,8,48,95.8,4598.4
10248,S18_3259,14,42,121.01,5082.42
10273,S18_3259,15,47,115.97,5450.59
10282,S18_3259,3,36,115.97,4174.92
10293,S18_3259,6,22,109.92,2418.24
10306,S18_3259,11,40,91.76,3670.4
10314,S18_3259,3,23,107.9,2481.7
10326,S18_3259,6,32,118.99,3807.68
10336,S18_3259,7,21,106.21,2230.41
10350,S18_3259,2,41,93.04,3814.64
10372,S18_3259,5,25,84.71,2117.75
10383,S18_3259,12,26,128.48,3340.48
10396,S18_3259,4,24,89.75,2154
10414,S18_3259,14,48,121.01,5808.48
10108,S18_3278,9,26,68.35,1777.1
10122,S18_3278,13,21,73.17,1536.57
10135,S18_3278,10,45,78,3510
10147,S18_3278,10,36,86.04,3097.44
10169,S18_3278,5,32,70.76,2264.32
10181,S18_3278,17,30,82.82,2484.6
10191,S18_3278,6,36,94.88,3415.68
10203,S18_3278,11,33,86.04,2839.32
10211,S18_3278,5,35,78,2730
10225,S18_3278,12,37,95.69,3540.53
10238,S18_3278,6,41,73.17,2999.97
10252,S18_3278,2,20,76.39,1527.8
10265,S18_3278,2,45,86.84,3907.8
10276,S18_3278,6,38,69.96,2658.48
10287,S18_3278,15,43,70.76,3042.68
10300,S18_3278,8,49,78.8,3861.2
10310,S18_3278,13,27,80.41,2171.07
10319,S18_3278,1,46,73.98,3403.08
10329,S18_3278,10,38,59.1,2245.8
10342,S18_3278,5,25,66.74,1668.5
10363,S18_3278,10,46,60.3,2773.8
10378,S18_3278,4,22,112,2464
10390,S18_3278,9,40,137.29,5491.6
10103,S18_3320,16,46,104.17,4791.82
10126,S18_3320,16,38,82.34,3128.92
10139,S18_3320,5,30,103.18,3095.4
10149,S18_3320,2,42,94.25,3958.5
10163,S18_3320,6,43,116.08,4991.44
10173,S18_3320,4,29,95.24,2761.96
10182,S18_3320,1,33,86.31,2848.23
10193,S18_3320,5,32,79.37,2539.84
10206,S18_3320,11,28,87.3,2444.4
10215,S18_3320,8,41,111.12,4555.92
10227,S18_3320,1,33,111.12,3666.96
10244,S18_3320,5,36,84.33,3035.88
10257,S18_3320,5,26,89.29,2321.54
10280,S18_3320,7,34,102.19,3474.46
10290,S18_3320,2,26,96.23,2501.98
10304,S18_3320,11,38,104.17,3958.46
10312,S18_3320,8,33,107.15,3535.95
10323,S18_3320,2,33,91.27,3011.91
10347,S18_3320,12,26,102.19,2656.94
10357,S18_3320,3,25,104.17,2604.25
10369,S18_3320,4,45,73.08,3288.6
10382,S18_3320,7,50,178.71,8935.5
10392,S18_3320,1,36,112.11,4035.96
10423,S18_3320,5,21,89.29,1875.09
10108,S18_3482,8,29,139.64,4049.56
10122,S18_3482,12,21,117.59,2469.39
10135,S18_3482,9,42,129.35,5432.7
10147,S18_3482,9,37,119.06,4405.22
10169,S18_3482,4,36,123.47,4444.92
10181,S18_3482,16,22,154.34,3395.48
10191,S18_3482,5,23,148.46,3414.58
10203,S18_3482,10,32,160.22,5127.04
10211,S18_3482,4,28,133.76,3745.28
10225,S18_3482,11,27,169.04,4564.08
10238,S18_3482,5,49,133.76,6554.24
10252,S18_3482,1,41,164.63,6749.83
10265,S18_3482,1,49,171.98,8427.02
10276,S18_3482,5,30,130.82,3924.6
10287,S18_3482,14,40,169.04,6761.6
10300,S18_3482,7,23,164.63,3786.49
10310,S18_3482,12,49,127.88,6266.12
10320,S18_3482,5,25,139.64,3491
10330,S18_3482,3,37,119.06,4405.22
10342,S18_3482,7,55,119.06,6548.3
10355,S18_3482,7,23,138.17,3177.91
10363,S18_3482,11,24,172.61,4142.64
10378,S18_3482,10,43,96.49,4149.07
10390,S18_3482,1,50,147.94,7397
10109,S18_3685,2,47,132.8,6241.6
10123,S18_3685,4,34,156.82,5331.88
10137,S18_3685,4,31,165.3,5124.3
10148,S18_3685,11,28,129.98,3639.44
10161,S18_3685,10,36,154,5544
10172,S18_3685,8,48,114.44,5493.12
10181,S18_3685,4,39,148.34,5785.26
10192,S18_3685,9,45,118.68,5340.6
10204,S18_3685,15,35,163.88,5735.8
10212,S18_3685,8,45,141.28,6357.6
10226,S18_3685,6,46,159.65,7343.9
10240,S18_3685,1,37,161.06,5959.22
10253,S18_3685,3,31,129.98,4029.38
10266,S18_3685,4,33,152.58,5035.14
10278,S18_3685,4,31,132.8,4116.8
10287,S18_3685,2,27,159.65,4310.55
10301,S18_3685,6,39,165.3,6446.7
10311,S18_3685,11,32,113.02,3616.64
10321,S18_3685,8,28,151.17,4232.76
10331,S18_3685,12,26,67.91,1765.66
10343,S18_3685,2,44,84.88,3734.72
10367,S18_3685,6,46,104.53,4808.38
10379,S18_3685,4,32,70.83,2266.56
10406,S18_3685,1,65,161.06,10468.9
10419,S18_3685,3,43,129.98,5589.14
10108,S18_3782,12,43,67.77,2914.11
10122,S18_3782,16,35,49.74,1740.9
10135,S18_3782,13,45,50.36,2266.2
10146,S18_3782,2,47,67.14,3155.58
10169,S18_3782,8,38,68.39,2598.82
10180,S18_3782,3,21,50.36,1057.56
10191,S18_3782,9,43,72.74,3127.82
10211,S18_3782,8,46,54.09,2488.14
10224,S18_3782,1,38,58.44,2220.72
10237,S18_3782,1,26,52.22,1357.72
10252,S18_3782,5,31,52.84,1638.04
10264,S18_3782,3,48,54.71,2626.08
10276,S18_3782,9,33,50.36,1661.88
10286,S18_3782,1,38,57.2,2173.6
10299,S18_3782,3,39,55.95,2182.05
10310,S18_3782,16,42,67.14,2819.88
10319,S18_3782,4,44,59.06,2598.64
10330,S18_3782,2,29,69.63,2019.27
10342,S18_3782,8,26,55.95,1454.7
10355,S18_3782,1,31,53.47,1657.57
10363,S18_3782,12,32,89.12,2851.84
10378,S18_3782,9,28,164.63,4609.64
10390,S18_3782,2,36,141.11,5079.96
10403,S18_3782,1,36,52.22,1879.92
10106,S18_3856,17,41,116.46,4774.86
10119,S18_3856,8,27,99.52,2687.04
10130,S18_3856,1,33,103.75,3423.75
10143,S18_3856,12,34,101.64,3455.76
10155,S18_3856,10,29,124.93,3622.97
10167,S18_3856,6,34,105.87,3599.58
10178,S18_3856,9,48,112.22,5386.56
10186,S18_3856,6,46,106.93,4918.78
10197,S18_3856,3,22,115.4,2538.8
10222,S18_3856,9,45,85.75,3858.75
10249,S18_3856,5,46,121.75,5600.5
10262,S18_3856,14,34,120.69,4103.46
10273,S18_3856,1,50,85.75,4287.5
10283,S18_3856,3,46,125.99,5795.54
10296,S18_3856,12,22,84.7,1863.4
10307,S18_3856,6,48,86.81,4166.88
10316,S18_3856,14,47,86.81,4080.07
10328,S18_3856,6,34,112.22,3815.48
10338,S18_3856,2,45,122.81,5526.45
10351,S18_3856,2,20,168.73,3374.6
10373,S18_3856,6,50,60.49,3024.5
10386,S18_3856,6,22,57.55,1266.1
10398,S18_3856,17,45,106.93,4811.85
10400,S18_3856,6,58,125.99,7307.42
10415,S18_3856,5,51,121.75,6209.25
10104,S18_4027,3,38,140.75,5348.5
10117,S18_4027,12,22,126.39,2780.58
10127,S18_4027,5,25,137.88,3447
10142,S18_4027,15,24,157.98,3791.52
10152,S18_4027,1,35,129.26,4524.1
10165,S18_4027,6,28,119.2,3337.6
10176,S18_4027,5,36,153.67,5532.12
10185,S18_4027,16,39,130.69,5096.91
10196,S18_4027,8,27,168.04,4537.08
10207,S18_4027,1,40,153.67,6146.8
10220,S18_4027,5,50,165.16,8258
10230,S18_4027,3,42,172.34,7238.28
10247,S18_4027,5,48,140.75,6756
10272,S18_4027,5,25,149.36,3734
10282,S18_4027,8,31,150.8,4674.8
10292,S18_4027,2,44,162.29,7140.76
10306,S18_4027,16,23,156.55,3600.65
10314,S18_4027,8,29,145.06,4206.74
10324,S18_4027,13,49,109.79,5379.71
10337,S18_4027,3,36,157.76,5679.36
10349,S18_4027,5,34,129.26,4394.84
10358,S18_4027,13,25,101.13,2528.25
10372,S18_4027,6,48,146.49,7031.52
10383,S18_4027,1,38,140.55,5340.9
10394,S18_4027,1,37,172.34,6376.58
10413,S18_4027,5,49,140.75,6896.75
10100,S18_4409,4,22,86.51,1903.22
10110,S18_4409,8,28,89.27,2499.56
10124,S18_4409,7,36,85.59,3081.24
10148,S18_4409,1,34,105.83,3598.22
10173,S18_4409,14,21,75.46,1584.66
10182,S18_4409,11,36,109.52,3942.72
10193,S18_4409,15,24,97.55,2341.2
10204,S18_4409,5,29,85.59,2482.11
10213,S18_4409,1,38,94.79,3602.02
10227,S18_4409,11,34,104.91,3566.94
10241,S18_4409,3,42,90.19,3787.98
10280,S18_4409,17,35,105.83,3704.05
10288,S18_4409,6,35,80.99,2834.65
10302,S18_4409,2,38,89.27,3392.26
10311,S18_4409,1,41,81.91,3358.31
10332,S18_4409,2,50,146.2,7310
10344,S18_4409,4,21,104.91,2203.11
10367,S18_4409,8,43,62.72,2696.96
10380,S18_4409,1,32,105.52,3376.64
10407,S18_4409,3,6,90.19,541.14
10420,S18_4409,6,66,92.95,6134.7
10105,S18_4522,10,41,82.5,3382.5
10117,S18_4522,4,23,97.42,2240.66
10128,S18_4522,1,43,92.16,3962.88
10142,S18_4522,7,24,70.22,1685.28
10153,S18_4522,6,22,83.38,1834.36
10166,S18_4522,1,26,73.73,1916.98
10177,S18_4522,8,35,74.6,2611
10185,S18_4522,8,47,77.24,3630.28
10197,S18_4522,14,50,101.81,5090.5
10208,S18_4522,8,45,87.77,3949.65
10221,S18_4522,2,39,89.53,3491.67
10232,S18_4522,5,23,89.53,2059.19
10248,S18_4522,11,42,75.48,3170.16
10261,S18_4522,9,20,89.53,1790.6
10273,S18_4522,12,33,71.09,2345.97
10283,S18_4522,14,34,105.32,3580.88
10293,S18_4522,3,49,100.94,4946.06
10306,S18_4522,8,39,90.4,3525.6
10315,S18_4522,7,36,100.06,3602.16
10326,S18_4522,5,50,86.01,4300.5
10337,S18_4522,2,29,155.11,4498.19
10350,S18_4522,3,30,100.77,3023.1
10372,S18_4522,7,41,86.89,3562.49
10383,S18_4522,7,28,58.58,1640.24
10396,S18_4522,5,45,105.32,4739.4
10414,S18_4522,11,16,75.48,1207.68
10103,S18_4600,5,36,117.45,4228.2
10114,S18_4600,9,41,117.45,4815.45
10126,S18_4600,5,50,141.66,7083
10140,S18_4600,5,40,115.03,4601.2
10150,S18_4600,2,49,131.98,6467.02
10164,S18_4600,3,45,111.39,5012.55
10175,S18_4600,10,47,108.97,5121.59
10183,S18_4600,2,21,116.24,2441.04
10194,S18_4600,5,32,133.19,4262.08
10207,S18_4600,16,47,141.66,6658.02
10217,S18_4600,5,38,118.66,4509.08
10229,S18_4600,10,41,115.03,4716.23
10245,S18_4600,3,21,113.82,2390.22
10259,S18_4600,13,41,113.82,4666.62
10270,S18_4600,3,38,141.66,5383.08
10281,S18_4600,10,25,99.29,2482.25
10291,S18_4600,5,48,110.18,5288.64
10305,S18_4600,14,22,99.29,2184.38
10313,S18_4600,8,28,102.92,2881.76
10323,S18_4600,1,47,131.98,6203.06
10334,S18_4600,4,49,138.03,6763.47
10347,S18_4600,4,45,130.77,5884.65
10357,S18_4600,2,28,127.13,3559.64
10370,S18_4600,6,29,57.53,1668.37
10382,S18_4600,1,39,125.4,4890.6
10411,S18_4600,3,46,113.82,5235.72
10425,S18_4600,13,38,113.82,4325.16
10103,S18_4668,9,41,47.29,1938.89
10113,S18_4668,3,50,49.81,2490.5
10126,S18_4668,9,43,53.83,2314.69
10140,S18_4668,9,29,43.27,1254.83
10150,S18_4668,6,30,42.76,1282.8
10164,S18_4668,7,25,53.83,1345.75
10174,S18_4668,2,49,44.78,2194.22
10183,S18_4668,6,40,49.3,1972
10194,S18_4668,9,41,44.78,1835.98
10206,S18_4668,4,21,53.33,1119.93
10215,S18_4668,1,46,45.28,2082.88
10229,S18_4668,14,39,40.25,1569.75
10245,S18_4668,7,45,59.87,2694.15
10258,S18_4668,4,21,59.87,1257.27
10270,S18_4668,7,44,58.36,2567.84
10281,S18_4668,14,44,59.87,2634.28
10291,S18_4668,9,29,51.82,1502.78
10304,S18_4668,4,34,49.3,1676.2
10312,S18_4668,1,39,56.85,2217.15
10324,S18_4668,6,38,179.79,6832.02
10348,S18_4668,6,29,245.2,7110.8
10358,S18_4668,8,30,176.76,5302.8
10370,S18_4668,2,20,136.5,2730
10382,S18_4668,2,39,200.7,7827.3
10411,S18_4668,7,35,59.87,2095.45
10424,S18_4668,4,26,59.87,1556.62
10108,S18_4721,11,44,126.48,5565.12
10122,S18_4721,15,28,127.97,3583.16
10135,S18_4721,12,31,151.78,4705.18
10146,S18_4721,1,29,153.26,4444.54
10169,S18_4721,7,33,148.8,4910.4
10180,S18_4721,2,44,126.48,5565.12
10191,S18_4721,8,32,132.43,4237.76
10211,S18_4721,7,41,138.38,5673.58
10225,S18_4721,14,35,150.29,5260.15
10238,S18_4721,8,44,144.34,6350.96
10252,S18_4721,4,26,136.9,3559.4
10264,S18_4721,2,20,120.53,2410.6
10276,S18_4721,8,48,119.04,5713.92
10287,S18_4721,17,34,126.48,4300.32
10299,S18_4721,2,49,162.19,7947.31
10310,S18_4721,15,40,133.92,5356.8
10319,S18_4721,3,45,175.58,7901.1
10330,S18_4721,4,50,122.02,6101
10342,S18_4721,11,38,165.17,6276.46
10355,S18_4721,2,25,168.14,4203.5
10363,S18_4721,13,28,58.18,1629.04
10378,S18_4721,8,49,67.14,3289.86
10390,S18_4721,3,49,140.06,6862.94
10110,S18_4933,9,42,61.29,2574.18
10124,S18_4933,8,23,57.73,1327.79
10148,S18_4933,2,29,81.25,2356.25
10161,S18_4933,1,25,80.54,2013.5
10173,S18_4933,15,39,71.98,2807.22
10182,S18_4933,12,44,69.84,3072.96
10193,S18_4933,16,25,76.26,1906.5
10204,S18_4933,6,45,76.26,3431.7
10213,S18_4933,2,25,83.39,2084.75
10227,S18_4933,12,37,57.73,2136.01
10241,S18_4933,4,30,66.99,2009.7
10267,S18_4933,1,36,75.55,2719.8
10279,S18_4933,1,26,60.58,1575.08
10288,S18_4933,7,23,73.41,1688.43
10302,S18_4933,3,23,72.7,1672.1
10311,S18_4933,2,25,66.99,1674.75
10332,S18_4933,3,21,165.38,3472.98
10344,S18_4933,5,26,63.43,1649.18
10367,S18_4933,9,44,85.25,3751
10380,S18_4933,2,24,189,4536
10407,S18_4933,4,66,66.99,4421.34
10420,S18_4933,7,36,57.73,2078.28
10110,S24_1046,13,36,85.25,3069
10124,S24_1046,12,22,77.9,1713.8
10148,S24_1046,6,25,60.26,1506.5
10161,S24_1046,5,37,72.76,2692.12
10172,S24_1046,3,32,75.69,2422.08
10182,S24_1046,16,47,74.22,3488.34
10192,S24_1046,4,37,69.82,2583.34
10204,S24_1046,10,20,62.47,1249.4
10212,S24_1046,3,41,82.31,3374.71
10226,S24_1046,1,21,60.26,1265.46
10241,S24_1046,8,22,76.43,1681.46
10267,S24_1046,5,40,80.1,3204
10279,S24_1046,5,32,74.96,2398.72
10288,S24_1046,11,36,66.14,2381.04
10301,S24_1046,1,27,72.02,1944.54
10311,S24_1046,6,26,87.45,2273.7
10321,S24_1046,3,30,70.55,2116.5
10332,S24_1046,4,23,56.84,1307.32
10344,S24_1046,7,29,59.53,1726.37
10367,S24_1046,10,21,60.37,1267.77
10380,S24_1046,3,34,101.23,3441.82
10407,S24_1046,8,26,76.43,1987.18
10420,S24_1046,11,60,64.67,3880.2
10104,S24_1444,6,35,55.49,1942.15
10115,S24_1444,2,47,69.36,3259.92
10127,S24_1444,8,20,60.69,1213.8
10141,S24_1444,2,20,54.33,1086.6
10152,S24_1444,4,25,65.31,1632.75
10165,S24_1444,9,25,69.36,1734
10176,S24_1444,8,27,68.78,1857.06
10184,S24_1444,3,31,60.11,1863.41
10195,S24_1444,3,44,66.47,2924.68
10207,S24_1444,4,49,46.82,2294.18
10220,S24_1444,8,26,56.07,1457.82
10230,S24_1444,6,36,54.33,1955.88
10246,S24_1444,2,44,52.6,2314.4
10259,S24_1444,1,28,46.82,1310.96
10271,S24_1444,2,45,64.74,2913.3
10282,S24_1444,11,29,46.82,1357.78
10292,S24_1444,5,40,53.75,2150
10305,S24_1444,2,45,61.85,2783.25
10314,S24_1444,11,44,53.18,2339.92
10324,S24_1444,14,25,69.16,1729
10336,S24_1444,4,45,132.72,5972.4
10349,S24_1444,4,48,47.4,2275.2
10358,S24_1444,14,44,60.76,2673.44
10371,S24_1444,12,25,97.27,2431.75
10383,S24_1444,2,22,91.76,2018.72
10394,S24_1444,2,31,50.29,1558.99
10412,S24_1444,2,21,52.6,1104.6
10425,S24_1444,1,55,46.82,2575.1
10107,S24_1578,3,25,113.83,2845.75
10120,S24_1578,1,35,98.05,3431.75
10134,S24_1578,3,35,93.54,3273.9
10145,S24_1578,7,43,95.8,4119.4
10168,S24_1578,2,50,114.95,5747.5
10180,S24_1578,10,48,111.57,5355.36
10188,S24_1578,2,25,101.43,2535.75
10211,S24_1578,15,25,90.16,2254
10223,S24_1578,2,32,91.29,2921.28
10237,S24_1578,8,20,114.95,2299
10251,S24_1578,3,26,101.43,2637.18
10263,S24_1578,3,42,102.56,4307.52
10275,S24_1578,2,21,102.56,2153.76
10285,S24_1578,7,34,109.32,3716.88
10299,S24_1578,10,47,116.08,5455.76
10309,S24_1578,6,21,126.22,2650.62
10318,S24_1578,2,48,134.11,6437.28
10329,S24_1578,7,30,87.78,2633.4
10339,S24_1578,10,27,84.39,2278.53
10362,S24_1578,2,50,96.92,4846
10374,S24_1578,6,38,110.45,4197.1
10389,S24_1578,1,45,102.17,4597.65
10403,S24_1578,8,46,114.95,5287.7
10417,S24_1578,3,35,101.43,3550.05
10110,S24_1628,15,29,59.37,1721.73
10123,S24_1628,1,50,59.87,2993.5
10137,S24_1628,1,26,49.81,1295.06
10148,S24_1628,8,47,56.85,2671.95
10161,S24_1628,7,23,53.33,1226.59
10172,S24_1628,5,34,42.76,1453.84
10181,S24_1628,1,34,53.83,1830.22
10192,S24_1628,6,47,53.83,2530.01
10204,S24_1628,12,45,49.81,2241.45
10212,S24_1628,5,45,53.33,2399.85
10226,S24_1628,3,36,43.27,1557.72
10241,S24_1628,10,21,40.25,845.25
10266,S24_1628,1,28,48.3,1352.4
10278,S24_1628,1,35,45.28,1584.8
10288,S24_1628,13,50,52.32,2616
10301,S24_1628,3,22,51.32,1129.04
10311,S24_1628,8,45,49.3,2218.5
10321,S24_1628,5,48,42.26,2028.48
10332,S24_1628,5,20,87.96,1759.2
10343,S24_1628,6,27,36.21,977.67
10367,S24_1628,11,38,38.5,1463
10379,S24_1628,3,32,124.08,3970.56
10407,S24_1628,10,64,40.25,2576
10420,S24_1628,13,37,60.37,2233.69
10106,S24_1785,4,28,88.63,2481.64
10120,S24_1785,10,39,119.27,4651.53
10133,S24_1785,5,41,94.1,3858.1
10145,S24_1785,16,40,87.54,3501.6
10168,S24_1785,11,49,131.3,6433.7
10210,S24_1785,9,27,98.48,2658.96
10223,S24_1785,11,34,106.14,3608.76
10235,S24_1785,5,23,96.29,2214.67
10250,S24_1785,6,31,88.63,2747.53
10262,S24_1785,1,34,97.38,3310.92
10275,S24_1785,11,25,95.2,2380
10284,S24_1785,3,22,105.04,2310.88
10297,S24_1785,6,32,126.93,4061.76
10308,S24_1785,9,31,112.7,3493.7
10316,S24_1785,1,25,114.89,2872.25
10328,S24_1785,14,47,87.54,4114.38
10339,S24_1785,7,21,50.65,1063.65
10353,S24_1785,2,28,71.73,2008.44
10374,S24_1785,3,46,94.1,4328.6
10386,S24_1785,11,33,41.71,1376.43
10398,S24_1785,16,43,129.12,5552.16
10401,S24_1785,5,38,96.29,3659.02
10416,S24_1785,6,47,88.63,4165.61
10101,S24_1937,3,45,31.2,1404
10110,S24_1937,3,20,35.51,710.2
10124,S24_1937,2,45,37.84,1702.8
10149,S24_1937,7,36,33.19,1194.84
10173,S24_1937,9,31,31.53,977.43
10182,S24_1937,6,39,36.84,1436.76
10193,S24_1937,10,26,29.21,759.46
10205,S24_1937,5,32,37.17,1189.44
10214,S24_1937,3,20,34.19,683.8
10227,S24_1937,6,42,29.21,1226.82
10243,S24_1937,1,33,29.54,974.82
10280,S24_1937,12,20,28.88,577.6
10288,S24_1937,1,29,38.17,1106.93
10304,S24_1937,16,23,30.2,694.6
10312,S24_1937,13,39,29.54,1152.06
10322,S24_1937,3,20,131.2,2624
10332,S24_1937,6,45,81.91,3685.95
10344,S24_1937,6,20,35.18,703.6
10356,S24_1937,5,48,202.5,9720
10367,S24_1937,13,23,36.29,834.67
10380,S24_1937,4,32,70.56,2257.92
10391,S24_1937,8,33,252.87,8344.71
10409,S24_1937,1,61,29.54,1801.94
10420,S24_1937,1,45,26.88,1209.6
10107,S24_2000,7,38,83.03,3155.14
10120,S24_2000,5,34,83.79,2848.86
10134,S24_2000,7,43,83.03,3570.29
10145,S24_2000,11,47,83.03,3902.41
10158,S24_2000,1,22,67.03,1474.66
10168,S24_2000,6,29,75.41,2186.89
10180,S24_2000,14,28,68.55,1919.4
10188,S24_2000,6,40,91.4,3656
10210,S24_2000,4,30,61.7,1851
10223,S24_2000,6,38,69.31,2633.78
10236,S24_2000,3,36,87.6,3153.6
10250,S24_2000,1,32,87.6,2803.2
10263,S24_2000,7,37,62.46,2311.02
10275,S24_2000,6,30,79.98,2399.4
10285,S24_2000,11,39,70.08,2733.12
10297,S24_2000,1,32,65.51,2096.32
10308,S24_2000,4,47,63.22,2971.34
10318,S24_2000,6,26,86.83,2257.58
10329,S24_2000,4,37,94.43,3493.91
10340,S24_2000,8,55,79.98,4398.9
10363,S24_2000,8,21,171.22,3595.62
10375,S24_2000,9,23,106.23,2443.29
10389,S24_2000,2,49,81.4,3988.6
10402,S24_2000,3,59,87.6,5168.4
10416,S24_2000,1,32,87.6,2803.2
10105,S24_2011,9,43,147.47,6341.21
10117,S24_2011,3,41,126.58,5189.78
10129,S24_2011,9,45,133.95,6027.75
10142,S24_2011,6,33,102,3366
10153,S24_2011,5,40,136.41,5456.4
10167,S24_2011,16,33,115.52,3812.16
10177,S24_2011,7,50,121.66,6083
10185,S24_2011,7,30,105.69,3170.7
10197,S24_2011,13,41,110.6,4534.6
10208,S24_2011,7,35,122.89,4301.15
10221,S24_2011,1,49,138.87,6804.63
10232,S24_2011,4,46,122.89,5652.94
10248,S24_2011,10,48,145.01,6960.48
10261,S24_2011,8,36,125.35,4512.6
10273,S24_2011,11,22,126.58,2784.76
10283,S24_2011,13,42,126.58,5316.36
10293,S24_2011,2,21,140.09,2941.89
10306,S24_2011,7,29,110.6,3207.4
10315,S24_2011,6,35,120.43,4215.05
10326,S24_2011,4,41,105.69,4333.29
10337,S24_2011,4,29,71.97,2087.13
10350,S24_2011,7,34,50.33,1711.22
10372,S24_2011,8,37,105.69,3910.53
10396,S24_2011,6,49,116.75,5720.75
10414,S24_2011,10,23,145.01,3335.23
10101,S24_2022,2,46,53.76,2472.96
10110,S24_2022,2,39,44.35,1729.65
10124,S24_2022,1,22,45.25,995.5
10149,S24_2022,6,49,49.28,2414.72
10173,S24_2022,8,27,41.22,1112.94
10182,S24_2022,5,31,36.74,1138.94
10193,S24_2022,9,20,50.62,1012.4
10205,S24_2022,4,24,38.08,913.92
10214,S24_2022,2,49,47.94,2349.06
10227,S24_2022,5,24,48.38,1161.12
10244,S24_2022,9,39,45.25,1764.75
10255,S24_2022,2,37,45.7,1690.9
10280,S24_2022,11,45,47.49,2137.05
10289,S24_2022,4,45,48.38,2177.1
10304,S24_2022,15,44,39.42,1734.48
10312,S24_2022,12,23,37.63,865.49
10322,S24_2022,4,30,116.67,3500.1
10332,S24_2022,10,26,85.52,2223.52
10345,S24_2022,1,43,53.76,2311.68
10356,S24_2022,7,26,31.86,828.36
10367,S24_2022,12,28,30.59,856.52
10380,S24_2022,5,27,68.35,1845.45
10391,S24_2022,1,24,168.42,4042.08
10421,S24_2022,2,40,45.7,1828
10103,S24_2300,1,36,102.23,3680.28
10114,S24_2300,5,21,139.29,2925.09
10126,S24_2300,1,27,126.51,3415.77
10140,S24_2300,1,47,108.62,5105.14
10151,S24_2300,8,42,121.4,5098.8
10165,S24_2300,17,32,145.68,4661.76
10175,S24_2300,6,28,106.07,2969.96
10184,S24_2300,11,24,145.68,3496.32
10194,S24_2300,1,49,117.57,5760.93
10207,S24_2300,12,46,148.24,6819.04
10217,S24_2300,1,28,112.46,3148.88
10229,S24_2300,6,48,118.84,5704.32
10246,S24_2300,10,29,121.4,3520.6
10259,S24_2300,9,47,112.46,5285.62
10271,S24_2300,10,43,130.35,5605.05
10281,S24_2300,6,25,111.18,2779.5
10291,S24_2300,1,48,112.46,5398.08
10305,S24_2300,10,24,132.9,3189.6
10313,S24_2300,4,42,132.9,5581.8
10324,S24_2300,2,31,123.24,3820.44
10334,S24_2300,5,42,131.62,5528.04
10348,S24_2300,1,37,161.66,5981.42
10358,S24_2300,7,41,138.65,5684.65
10371,S24_2300,5,20,172.47,3449.4
10382,S24_2300,3,20,132.72,2654.4
10412,S24_2300,10,70,121.4,8498
10425,S24_2300,9,49,112.46,5510.54
10108,S24_2360,15,35,58.87,2060.45
10121,S24_2360,2,32,76.88,2460.16
10135,S24_2360,16,29,61.64,1787.56
10145,S24_2360,3,27,60.95,1645.65
10169,S24_2360,11,38,74.11,2816.18
10180,S24_2360,6,35,72.03,2521.05
10190,S24_2360,3,42,76.19,3199.98
10211,S24_2360,11,21,63.72,1338.12
10224,S24_2360,4,37,80.34,2972.58
10237,S24_2360,4,26,79.65,2070.9
10252,S24_2360,8,47,65.8,3092.6
10264,S24_2360,6,37,65.1,2408.7
10276,S24_2360,12,46,75.49,3472.54
10285,S24_2360,3,38,59.56,2263.28
10299,S24_2360,6,33,66.49,2194.17
10309,S24_2360,2,24,56.1,1346.4
10319,S24_2360,7,31,81.73,2533.63
10330,S24_2360,1,42,81.03,3403.26
10341,S24_2360,6,32,103.35,3307.2
10355,S24_2360,3,41,70.65,2896.65
10363,S24_2360,14,43,61.23,2632.89
10375,S24_2360,14,20,102.3,2046
10390,S24_2360,4,35,65.13,2279.55
10403,S24_2360,4,27,79.65,2150.55
10110,S24_2766,11,43,78.15,3360.45
10124,S24_2766,10,32,72.7,2326.4
10148,S24_2766,4,21,73.6,1545.6
10161,S24_2766,3,20,107.23,2144.6
10172,S24_2766,1,22,74.51,1639.22
10182,S24_2766,14,36,73.6,2649.6
10192,S24_2766,2,46,83.6,3845.6
10204,S24_2766,8,47,96.32,4527.04
10212,S24_2766,1,45,88.14,3966.3
10227,S24_2766,14,47,88.14,4142.58
10241,S24_2766,6,47,94.5,4441.5
10267,S24_2766,3,38,87.24,3315.12
10279,S24_2766,3,49,79.97,3918.53
10288,S24_2766,9,35,80.87,2830.45
10302,S24_2766,5,49,108.14,5298.86
10311,S24_2766,4,28,93.6,2620.8
10321,S24_2766,1,30,72.7,2181
10332,S24_2766,7,39,86.72,3382.08
10346,S24_2766,1,25,115.07,2876.75
10368,S24_2766,2,40,102.68,4107.2
10380,S24_2766,6,36,37.5,1350
10407,S24_2766,6,76,94.5,7182
10420,S24_2766,9,39,100.87,3933.93
10104,S24_2840,10,44,39.6,1742.4
10114,S24_2840,1,24,30.06,721.44
10127,S24_2840,12,39,38.19,1489.41
10141,S24_2840,6,21,42.43,891.03
10151,S24_2840,4,30,40.31,1209.3
10165,S24_2840,13,27,31.82,859.14
10175,S24_2840,2,37,31.12,1151.44
10184,S24_2840,7,42,31.82,1336.44
10195,S24_2840,7,32,28.29,905.28
10207,S24_2840,8,42,29.7,1247.4
10219,S24_2840,3,21,40.31,846.51
10229,S24_2840,2,33,32.88,1085.04
10246,S24_2840,6,49,36.07,1767.43
10259,S24_2840,5,31,33.24,1030.44
10271,S24_2840,6,38,41.72,1585.36
10281,S24_2840,2,20,40.66,813.2
10292,S24_2840,9,39,30.06,1172.34
10305,S24_2840,6,48,31.47,1510.56
10314,S24_2840,15,39,37.13,1448.07
10324,S24_2840,9,30,111.27,3338.1
10335,S24_2840,2,33,37.13,1225.29
10349,S24_2840,3,36,37.13,1336.68
10358,S24_2840,4,36,82.94,2985.84
10371,S24_2840,8,45,123.24,5545.8
10383,S24_2840,3,40,152.24,6089.6
10394,S24_2840,6,46,38.9,1789.4
10412,S24_2840,6,30,36.07,1082.1
10425,S24_2840,5,31,33.24,1030.44
10106,S24_2841,13,49,74.68,3659.32
10119,S24_2841,4,41,59.6,2443.6
10131,S24_2841,5,35,67.14,2349.9
10143,S24_2841,8,27,60.97,1646.19
10155,S24_2841,6,23,72.62,1670.26
10167,S24_2841,2,21,69.88,1467.48
10178,S24_2841,5,34,80.84,2748.56
10186,S24_2841,2,22,69.2,1522.4
10198,S24_2841,5,48,67.82,3255.36
10222,S24_2841,5,32,81.53,2608.96
10249,S24_2841,1,20,67.82,1356.4
10262,S24_2841,10,24,67.14,1611.36
10274,S24_2841,2,40,65.08,2603.2
10284,S24_2841,12,30,73.99,2219.7
10296,S24_2841,8,21,71.25,1496.25
10307,S24_2841,2,25,75.36,1884
10316,S24_2841,10,34,63.71,2166.14
10328,S24_2841,1,48,58.92,2828.16
10339,S24_2841,12,55,112.99,6214.45
10351,S24_2841,5,25,74.68,1867
10373,S24_2841,7,38,70.44,2676.72
10386,S24_2841,1,39,55.96,2182.44
10398,S24_2841,3,28,57.55,1611.4
10400,S24_2841,2,24,61.66,1479.84
10415,S24_2841,1,21,67.82,1424.22
10110,S24_2887,10,46,129.18,5942.28
10124,S24_2887,9,25,93.95,2348.75
10148,S24_2887,3,34,129.18,4392.12
10161,S24_2887,2,25,110.39,2759.75
10173,S24_2887,16,23,118.61,2728.03
10182,S24_2887,13,20,119.79,2395.8
10192,S24_2887,1,23,132.71,3052.33
10204,S24_2887,7,42,101,4242
10213,S24_2887,3,27,103.35,2790.45
10227,S24_2887,13,33,131.53,4340.49
10241,S24_2887,5,28,98.65,2762.2
10267,S24_2887,2,43,108.04,4645.72
10279,S24_2887,2,48,116.27,5580.96
10288,S24_2887,8,48,136.23,6539.04
10302,S24_2887,4,45,123.31,5548.95
10311,S24_2887,3,43,106.87,4595.41
10332,S24_2887,11,44,42.26,1859.44
10346,S24_2887,5,24,87.24,2093.76
10368,S24_2887,5,31,136.23,4223.13
10380,S24_2887,7,44,36.29,1596.76
10407,S24_2887,5,59,98.65,5820.35
10420,S24_2887,8,55,96.3,5296.5
10109,S24_2972,6,29,32.1,930.9
10122,S24_2972,4,39,30.96,1207.44
10135,S24_2972,1,20,35.87,717.4
10147,S24_2972,1,25,42.67,1066.75
10171,S24_2972,4,36,35.49,1277.64
10181,S24_2972,8,37,42.67,1578.79
10192,S24_2972,13,30,30.59,917.7
10203,S24_2972,2,21,37,777
10212,S24_2972,12,34,43.42,1476.28
10225,S24_2972,3,42,36.63,1538.46
10239,S24_2972,2,20,44.56,891.2
10253,S24_2972,7,40,42.67,1706.8
10266,S24_2972,8,34,40.4,1373.6
10278,S24_2972,8,31,38.89,1205.59
10287,S24_2972,6,36,39.65,1427.4
10301,S24_2972,10,48,34.36,1649.28
10310,S24_2972,4,33,41.91,1383.03
10321,S24_2972,12,37,33.23,1229.51
10331,S24_2972,13,27,42.24,1140.48
10342,S24_2972,9,39,40.4,1575.6
10355,S24_2972,4,36,38.52,1386.72
10367,S24_2972,2,36,139.4,5018.4
10378,S24_2972,7,41,142.85,5856.85
10390,S24_2972,5,37,132.29,4894.73
10405,S24_2972,2,47,44.56,2094.32
10419,S24_2972,7,15,42.67,640.05
10105,S24_3151,4,44,72.58,3193.52
10119,S24_3151,13,35,87.62,3066.7
10129,S24_3151,4,41,94.71,3883.11
10142,S24_3151,1,49,98.25,4814.25
10154,S24_3151,2,31,91.17,2826.27
10167,S24_3151,11,20,79.66,1593.2
10177,S24_3151,2,45,72.58,3266.1
10185,S24_3151,2,33,74.35,2453.55
10197,S24_3151,8,47,83.2,3910.4
10208,S24_3151,2,20,89.4,1788
10222,S24_3151,14,47,70.81,3328.07
10233,S24_3151,2,40,94.71,3788.4
10248,S24_3151,5,30,101.79,3053.7
10261,S24_3151,3,22,91.17,2005.74
10273,S24_3151,6,27,103.56,2796.12
10283,S24_3151,8,34,92.94,3159.96
10295,S24_3151,3,46,84.97,3908.62
10306,S24_3151,2,31,84.08,2606.48
10315,S24_3151,1,24,86.74,2081.76
10326,S24_3151,3,41,85.85,3519.85
10339,S24_3151,13,55,195.6,10758
10350,S24_3151,9,30,100.7,3021
10373,S24_3151,12,33,57.32,1891.56
10396,S24_3151,7,27,83.2,2246.4
10414,S24_3151,5,60,101.79,6107.4
10110,S24_3191,12,27,73.62,1987.74
10124,S24_3191,11,49,83.04,4068.96
10148,S24_3191,5,31,73.62,2282.22
10161,S24_3191,4,20,77.05,1541
10172,S24_3191,2,24,81.33,1951.92
10182,S24_3191,15,33,94.17,3107.61
10192,S24_3191,3,32,72.77,2328.64
10204,S24_3191,9,40,79.62,3184.8
10212,S24_3191,2,27,79.62,2149.74
10227,S24_3191,15,40,79.62,3184.8
10241,S24_3191,7,26,81.33,2114.58
10267,S24_3191,4,44,96.74,4256.56
10279,S24_3191,4,33,71.06,2344.98
10288,S24_3191,10,34,68.49,2328.66
10302,S24_3191,6,48,74.48,3575.04
10311,S24_3191,5,25,83.04,2076
10321,S24_3191,2,39,84.75,3305.25
10332,S24_3191,12,45,34.19,1538.55
10346,S24_3191,2,24,138.58,3325.92
10368,S24_3191,1,46,79.62,3662.52
10380,S24_3191,9,44,79.06,3478.64
10407,S24_3191,7,13,81.33,1057.29
10420,S24_3191,10,35,96.74,3385.9
10108,S24_3371,5,30,63.07,1892.1
10122,S24_3371,9,34,50.21,1707.14
10135,S24_3371,6,27,66.13,1785.51
10147,S24_3371,6,30,68.58,2057.4
10169,S24_3371,1,34,50.21,1707.14
10181,S24_3371,13,23,65.52,1506.96
10191,S24_3371,2,48,60.01,2880.48
10203,S24_3371,7,34,64.9,2206.6
10211,S24_3371,1,48,48.98,2351.04
10225,S24_3371,8,24,50.21,1205.04
10238,S24_3371,2,47,62.45,2935.15
10253,S24_3371,12,24,52.66,1263.84
10266,S24_3371,13,47,62.45,2935.15
10276,S24_3371,2,20,61.23,1224.6
10287,S24_3371,11,20,67.97,1359.4
10300,S24_3371,4,31,58.78,1822.18
10310,S24_3371,9,38,56.94,2163.72
10320,S24_3371,2,26,61.23,1591.98
10331,S24_3371,9,25,123.14,3078.5
10342,S24_3371,10,48,62.45,2997.6
10355,S24_3371,6,44,62.45,2747.8
10363,S24_3371,15,21,116.56,2447.76
10378,S24_3371,6,46,41.54,1910.84
10390,S24_3371,6,46,52.84,2430.64
10419,S24_3371,12,55,52.66,2896.3
10106,S24_3420,14,31,52.6,1630.6
10119,S24_3420,5,20,72.98,1459.6
10131,S24_3420,6,29,59.18,1716.22
10143,S24_3420,9,33,77.59,2560.47
10155,S24_3420,7,34,55.89,1900.26
10167,S24_3420,3,32,63.12,2019.84
10178,S24_3420,6,27,73.64,1988.28
10186,S24_3420,3,21,69.04,1449.84
10198,S24_3420,6,27,71.67,1935.09
10222,S24_3420,6,43,70.35,3025.05
10249,S24_3420,2,25,69.7,1742.5
10262,S24_3420,11,46,70.35,3236.1
10274,S24_3420,3,24,72.33,1735.92
10284,S24_3420,13,39,71.67,2795.13
10296,S24_3420,9,31,53.92,1671.52
10307,S24_3420,3,22,71.67,1576.74
10316,S24_3420,11,47,76.93,3615.71
10328,S24_3420,2,20,72.98,1459.6
10339,S24_3420,14,29,99.69,2891.01
10351,S24_3420,4,38,68.38,2598.44
10361,S24_3420,6,34,113.88,3871.92
10373,S24_3420,11,46,66,3036
10386,S24_3420,9,35,63.76,2231.6
10398,S24_3420,13,34,71.67,2436.78
10400,S24_3420,3,38,57.2,2173.6
10415,S24_3420,2,18,69.7,1254.6
10110,S24_3432,14,37,100.66,3724.42
10124,S24_3432,13,43,121,5203
10148,S24_3432,7,27,128.5,3469.5
10161,S24_3432,6,30,104.94,3148.2
10172,S24_3432,4,22,98.51,2167.22
10182,S24_3432,17,49,127.43,6244.07
10192,S24_3432,5,46,121,5566
10204,S24_3432,11,48,91.02,4368.96
10212,S24_3432,4,46,87.81,4039.26
10226,S24_3432,2,48,92.09,4420.32
10241,S24_3432,9,27,86.73,2341.71
10267,S24_3432,6,43,118.86,5110.98
10279,S24_3432,6,48,128.5,6168
10288,S24_3432,12,41,118.86,4873.26
10301,S24_3432,2,22,96.37,2120.14
10311,S24_3432,7,46,92.09,4236.14
10321,S24_3432,4,21,89.95,1888.95
10332,S24_3432,13,31,37.18,1152.58
10346,S24_3432,6,26,95.88,2492.88
10368,S24_3432,4,20,99.58,1991.6
10380,S24_3432,11,34,116.27,3953.18
10407,S24_3432,9,43,86.73,3729.39
10420,S24_3432,12,26,100.66,2617.16
10105,S24_3816,1,50,79.67,3983.5
10119,S24_3816,10,35,90.57,3169.95
10129,S24_3816,1,50,77.99,3899.5
10143,S24_3816,14,23,80.51,1851.73
10155,S24_3816,12,37,67.93,2513.41
10167,S24_3816,8,29,83.86,2431.94
10178,S24_3816,11,21,72.12,1514.52
10186,S24_3816,8,36,85.54,3079.44
10197,S24_3816,5,22,86.38,1900.36
10222,S24_3816,11,46,80.51,3703.46
10248,S24_3816,2,23,76.31,1755.13
10262,S24_3816,16,49,87.21,4273.29
10273,S24_3816,3,48,83.02,3984.96
10283,S24_3816,5,33,72.96,2407.68
10296,S24_3816,14,22,77.15,1697.3
10307,S24_3816,8,22,91.41,2011.02
10316,S24_3816,16,25,92.25,2306.25
10326,S24_3816,2,20,92.25,1845
10339,S24_3816,16,42,59.36,2493.12
10350,S24_3816,10,25,60.34,1508.5
10373,S24_3816,10,23,104.1,2394.3
10385,S24_3816,2,37,85.54,3164.98
10396,S24_3816,8,37,90.57,3351.09
10400,S24_3816,8,42,72.96,3064.32
10414,S24_3816,2,51,76.31,3891.81
10108,S24_3856,1,40,136.22,5448.8
10122,S24_3856,5,43,127.79,5494.97
10135,S24_3856,2,47,134.81,6336.07
10147,S24_3856,2,23,126.39,2906.97
10170,S24_3856,1,34,112.34,3819.56
10181,S24_3856,9,25,154.47,3861.75
10192,S24_3856,14,45,140.43,6319.35
10203,S24_3856,3,47,148.86,6996.42
10212,S24_3856,13,49,141.83,6949.67
10225,S24_3856,4,40,113.75,4550
10239,S24_3856,3,29,154.47,4479.63
10253,S24_3856,8,39,132,5148
10266,S24_3856,9,24,122.17,2932.08
10278,S24_3856,9,25,126.39,3159.75
10287,S24_3856,7,36,119.37,4297.32
10301,S24_3856,11,50,154.47,7723.5
10310,S24_3856,5,45,122.17,5497.65
10321,S24_3856,13,26,155.88,4052.88
10331,S24_3856,1,21,149.33,3135.93
10342,S24_3856,6,42,119.37,5013.54
10355,S24_3856,8,32,165.71,5302.72
10363,S24_3856,1,31,94.58,2931.98
10378,S24_3856,3,33,53.27,1757.91
10390,S24_3856,8,45,150.29,6763.05
10405,S24_3856,3,76,154.47,11739.7
10419,S24_3856,8,70,132,9240
10106,S24_3949,11,50,64.83,3241.5
10119,S24_3949,2,28,70.29,1968.12
10131,S24_3949,3,50,81.89,4094.5
10143,S24_3949,6,28,66.19,1853.32
10155,S24_3949,4,44,77.11,3392.84
10168,S24_3949,18,27,73.02,1971.54
10178,S24_3949,3,30,72.33,2169.9
10198,S24_3949,3,43,66.19,2846.17
10210,S24_3949,16,29,69.6,2018.4
10222,S24_3949,3,48,56.64,2718.72
10235,S24_3949,12,33,60.05,1981.65
10250,S24_3949,13,40,75.06,3002.4
10262,S24_3949,8,48,61.42,2948.16
10275,S24_3949,18,41,81.89,3357.49
10284,S24_3949,10,21,55.96,1175.16
10296,S24_3949,6,32,71.65,2292.8
10308,S24_3949,16,43,76.43,3286.49
10316,S24_3949,8,30,77.79,2333.7
10328,S24_3949,3,35,76.43,2675.05
10339,S24_3949,11,45,96.92,4361.4
10351,S24_3949,3,34,59.37,2018.58
10361,S24_3949,7,26,142.73,3710.98
10373,S24_3949,13,39,73,2847
10386,S24_3949,12,41,73.32,3006.12
10398,S24_3949,2,41,68.24,2797.84
10401,S24_3949,12,64,60.05,3843.2
10416,S24_3949,13,18,75.06,1351.08
10100,S24_3969,1,49,34.47,1689.03
10110,S24_3969,5,48,34.47,1654.56
10124,S24_3969,4,46,33.23,1528.58
10149,S24_3969,9,26,38.98,1013.48
10173,S24_3969,11,35,33.23,1163.05
10182,S24_3969,8,23,42.26,971.98
10193,S24_3969,12,22,41.03,902.66
10204,S24_3969,2,39,33.23,1295.97
10214,S24_3969,5,44,34.88,1534.72
10227,S24_3969,8,27,43.9,1185.3
10242,S24_3969,1,46,36.93,1698.78
10280,S24_3969,14,33,41.85,1381.05
10288,S24_3969,3,33,40.62,1340.46
10303,S24_3969,1,24,40.21,965.04
10312,S24_3969,15,31,35.29,1093.99
10332,S24_3969,14,41,77.24,3166.84
10346,S24_3969,4,22,97.44,2143.68
10368,S24_3969,3,46,37.34,1717.64
10380,S24_3969,12,43,95.03,4086.29
10408,S24_3969,1,15,36.93,553.95
10420,S24_3969,3,15,43.49,652.35
10104,S24_4048,5,26,112.37,2921.62
10115,S24_4048,1,44,126.56,5568.64
10127,S24_4048,7,20,96.99,1939.8
10141,S24_4048,1,40,94.62,3784.8
10152,S24_4048,3,23,121.83,2802.09
10165,S24_4048,8,24,99.36,2384.64
10176,S24_4048,7,29,100.54,2915.66
10184,S24_4048,2,49,118.28,5795.72
10195,S24_4048,2,34,108.82,3699.88
10207,S24_4048,3,28,106.45,2980.6
10220,S24_4048,7,37,136.02,5032.74
10230,S24_4048,5,45,105.27,4737.15
10246,S24_4048,1,46,137.2,6311.2
10271,S24_4048,1,22,139.57,3070.54
10282,S24_4048,10,39,123.01,4797.39
10292,S24_4048,4,27,141.94,3832.38
10305,S24_4048,1,36,128.93,4641.48
10314,S24_4048,10,38,105.27,4000.26
10325,S24_4048,5,44,121.04,5325.76
10336,S24_4048,5,31,148.99,4618.69
10349,S24_4048,2,23,138.39,3182.97
10359,S24_4048,7,22,118.32,2603.04
10371,S24_4048,9,28,50.32,1408.96
10383,S24_4048,4,21,93.91,1972.11
10394,S24_4048,7,37,140.75,5207.75
10412,S24_4048,1,31,137.2,4253.2
10103,S24_4258,15,25,114.92,2873
10126,S24_4258,15,34,105.18,3576.12
10139,S24_4258,4,29,112.97,3276.13
10149,S24_4258,1,20,90.57,1811.4
10163,S24_4258,5,42,91.55,3845.1
10173,S24_4258,3,22,116.87,2571.14
10183,S24_4258,12,47,107.13,5035.11
10193,S24_4258,4,20,113.95,2279
10206,S24_4258,10,33,97.39,3213.87
10215,S24_4258,7,39,90.57,3532.23
10228,S24_4258,6,33,103.23,3406.59
10244,S24_4258,4,40,86.68,3467.2
10257,S24_4258,4,46,78.89,3628.94
10269,S24_4258,2,48,97.39,4674.72
10280,S24_4258,6,21,78.89,1656.69
10290,S24_4258,1,45,114.92,5171.4
10304,S24_4258,10,33,101.29,3342.57
10312,S24_4258,7,44,111.02,4884.88
10324,S24_4258,3,33,189.93,6267.69
10348,S24_4258,2,39,50.31,1962.09
10358,S24_4258,6,41,167,6847
10369,S24_4258,3,40,86.92,3476.8
10382,S24_4258,4,33,139.17,4592.61
10423,S24_4258,4,28,78.89,2208.92
10106,S24_4278,3,26,63.76,1657.76
10120,S24_4278,9,29,85.49,2479.21
10133,S24_4278,4,46,77.52,3565.92
10145,S24_4278,15,33,84.77,2797.41
10168,S24_4278,10,48,78.25,3756
10210,S24_4278,8,40,71,2840
10223,S24_4278,10,23,74.62,1716.26
10235,S24_4278,4,40,81.14,3245.6
10250,S24_4278,5,37,74.62,2760.94
10263,S24_4278,11,24,75.35,1808.4
10275,S24_4278,10,27,62.31,1682.37
10284,S24_4278,2,21,71,1491
10297,S24_4278,5,23,72.45,1666.35
10308,S24_4278,8,44,83.32,3666.08
10317,S24_4278,1,35,83.32,2916.2
10328,S24_4278,4,43,60.86,2616.98
10340,S24_4278,1,40,84.77,3390.8
10353,S24_4278,3,35,89.9,3146.5
10361,S24_4278,1,25,62.46,1561.5
10375,S24_4278,2,43,233.48,10039.6
10386,S24_4278,8,50,63.34,3167
10398,S24_4278,14,45,78.25,3521.25
10401,S24_4278,4,52,81.14,4219.28
10416,S24_4278,5,48,74.62,3581.76
10108,S24_4620,10,31,68.71,2130.01
10122,S24_4620,14,29,71.14,2063.06
10135,S24_4620,11,23,87.31,2008.13
10147,S24_4620,11,31,64.67,2004.77
10169,S24_4620,6,24,94.58,2269.92
10180,S24_4620,1,28,71.14,1991.92
10191,S24_4620,7,44,66.29,2916.76
10211,S24_4620,6,22,92.16,2027.52
10225,S24_4620,13,46,70.33,3235.18
10238,S24_4620,7,22,93.77,2062.94
10252,S24_4620,3,38,87.31,3317.78
10264,S24_4620,1,47,83.27,3913.69
10276,S24_4620,7,48,75.18,3608.64
10287,S24_4620,16,40,88.12,3524.8
10299,S24_4620,1,32,80.84,2586.88
10310,S24_4620,14,49,97.01,4753.49
10319,S24_4620,2,43,85.69,3684.67
10331,S24_4620,2,41,139.4,5715.4
10343,S24_4620,1,30,103.29,3098.7
10355,S24_4620,9,28,95.39,2670.92
10363,S24_4620,9,43,119.87,5154.41
10378,S24_4620,2,41,119.37,4894.17
10390,S24_4620,10,30,82.42,2472.6
10103,S32_1268,3,31,104.01,3224.31
10114,S32_1268,7,32,114.61,3667.52
10126,S32_1268,3,43,96.31,4141.33
10140,S32_1268,3,26,108.83,2829.58
10151,S32_1268,10,27,113.65,3068.55
10164,S32_1268,1,24,109.79,2634.96
10175,S32_1268,8,22,110.76,2436.72
10184,S32_1268,13,46,100.16,4607.36
10194,S32_1268,3,37,97.27,3598.99
10207,S32_1268,14,49,80.9,3964.1
10217,S32_1268,3,21,106.9,2244.9
10229,S32_1268,8,25,111.72,2793
10245,S32_1268,1,37,111.72,4133.64
10259,S32_1268,11,45,86.68,3900.6
10270,S32_1268,1,32,85.72,2743.04
10281,S32_1268,8,29,82.83,2402.07
10291,S32_1268,3,26,83.79,2178.54
10305,S32_1268,12,28,112.68,3155.04
10313,S32_1268,6,27,87.64,2366.28
10324,S32_1268,11,20,98.18,1963.6
10335,S32_1268,1,44,107.87,4746.28
10348,S32_1268,3,42,152.07,6386.94
10358,S32_1268,1,41,108,4428
10371,S32_1268,1,26,155.54,4044.04
10382,S32_1268,6,26,104.17,2708.42
10411,S32_1268,1,26,111.72,2904.72
10425,S32_1268,11,41,86.68,3553.88
10107,S32_1374,8,20,92.9,1858
10120,S32_1374,6,22,111.88,2461.36
10133,S32_1374,1,23,114.87,2642.01
10145,S32_1374,12,33,93.9,3098.7
10168,S32_1374,7,28,115.87,3244.36
10188,S32_1374,7,44,98.89,4351.16
10210,S32_1374,5,46,79.91,3675.86
10223,S32_1374,7,21,117.87,2475.27
10235,S32_1374,1,41,101.89,4177.49
10250,S32_1374,2,31,105.88,3282.28
10263,S32_1374,8,31,79.91,2477.21
10275,S32_1374,7,23,81.91,1883.93
10285,S32_1374,12,37,98.89,3658.93
10297,S32_1374,2,26,109.88,2856.88
10308,S32_1374,5,24,79.91,1917.84
10318,S32_1374,7,47,112.88,5305.36
10329,S32_1374,11,45,63.91,2875.95
10340,S32_1374,2,55,117.87,6482.85
10353,S32_1374,5,46,81.17,3733.82
10363,S32_1374,2,50,131.53,6576.5
10375,S32_1374,3,37,171.71,6353.27
10387,S32_1374,1,44,94.9,4175.6
10401,S32_1374,1,49,101.89,4992.61
10416,S32_1374,2,45,105.88,4764.6
10108,S32_2206,13,27,43.45,1173.15
10122,S32_2206,17,31,44.66,1384.46
10135,S32_2206,14,33,40.23,1327.59
10145,S32_2206,1,31,35.8,1109.8
10169,S32_2206,9,26,39.83,1035.58
10180,S32_2206,4,34,45.46,1545.64
10190,S32_2206,1,46,32.99,1517.54
10211,S32_2206,9,41,42.24,1731.84
10224,S32_2206,2,43,39.43,1695.49
10237,S32_2206,2,26,40.23,1045.98
10252,S32_2206,6,36,48.28,1738.08
10264,S32_2206,4,20,32.59,651.8
10276,S32_2206,10,27,36.61,988.47
10285,S32_2206,1,37,41.03,1518.11
10299,S32_2206,4,24,42.24,1013.76
10310,S32_2206,17,36,43.05,1549.8
10319,S32_2206,5,29,38.22,1108.38
10331,S32_2206,3,28,146.52,4102.56
10343,S32_2206,5,29,128.04,3713.16
10355,S32_2206,10,38,39.83,1513.54
10364,S32_2206,1,48,48.28,2317.44
10378,S32_2206,1,40,82.46,3298.4
10390,S32_2206,11,41,44.56,1826.96
10403,S32_2206,2,30,40.23,1206.9
10104,S32_2509,11,35,47.62,1666.7
10114,S32_2509,2,28,55.73,1560.44
10127,S32_2509,13,45,51.95,2337.75
10141,S32_2509,7,24,45.99,1103.76
10151,S32_2509,5,41,63.85,2617.85
10165,S32_2509,14,48,45.99,2207.52
10175,S32_2509,3,50,63.31,3165.5
10184,S32_2509,8,33,62.77,2071.41
10195,S32_2509,8,32,43.29,1385.28
10207,S32_2509,9,27,60.06,1621.62
10219,S32_2509,4,35,55.19,1931.65
10229,S32_2509,3,23,54.11,1244.53
10246,S32_2509,7,35,48.7,1704.5
10259,S32_2509,6,40,43.83,1753.2
10271,S32_2509,7,35,47.62,1666.7
10281,S32_2509,3,31,55.19,1710.89
10292,S32_2509,10,50,46.53,2326.5
10305,S32_2509,7,40,57.9,2316
10313,S32_2509,1,38,45.45,1727.1
10325,S32_2509,3,38,232.74,8844.12
10335,S32_2509,3,40,60.6,2424
10349,S32_2509,1,33,46.53,1535.49
10359,S32_2509,3,36,176.63,6358.68
10371,S32_2509,2,20,66.47,1329.4
10383,S32_2509,5,32,53.18,1701.76
10394,S32_2509,3,36,62.77,2259.72
10412,S32_2509,7,19,48.7,925.3
10425,S32_2509,6,11,43.83,482.13
10104,S32_3207,4,49,65.87,3227.63
10116,S32_3207,1,27,63.38,1711.26
10127,S32_3207,6,29,70.84,2054.36
10142,S32_3207,16,42,74.57,3131.94
10152,S32_3207,2,33,50.95,1681.35
10165,S32_3207,7,44,53.44,2351.36
10176,S32_3207,6,22,64,1408
10184,S32_3207,1,48,50.95,2445.6
10195,S32_3207,1,33,54.68,1804.44
10207,S32_3207,2,45,56.55,2544.75
10220,S32_3207,6,20,52.82,1056.4
10230,S32_3207,4,46,60.9,2801.4
10247,S32_3207,6,40,49.71,1988.4
10272,S32_3207,6,45,64.63,2908.35
10282,S32_3207,9,36,59.65,2147.4
10292,S32_3207,3,31,67.73,2099.63
10306,S32_3207,17,46,50.33,2315.18
10314,S32_3207,9,35,66.49,2327.15
10325,S32_3207,2,28,192.05,5377.4
10336,S32_3207,9,31,84.71,2626.01
10350,S32_3207,14,27,163.2,4406.4
10359,S32_3207,1,22,195.51,4301.22
10371,S32_3207,11,30,99.55,2986.5
10383,S32_3207,8,44,36.07,1587.08
10394,S32_3207,4,30,60.28,1808.4
10413,S32_3207,6,24,49.71,1193.04
10103,S32_3522,7,45,75.63,3403.35
10113,S32_3522,1,23,68.52,1575.96
10126,S32_3522,7,26,62.7,1630.2
10140,S32_3522,7,28,60.76,1701.28
10150,S32_3522,4,49,58.18,2850.82
10164,S32_3522,5,49,54.94,2692.06
10175,S32_3522,12,29,74.98,2174.42
10183,S32_3522,4,49,64.64,3167.36
10194,S32_3522,7,39,54.94,2142.66
10206,S32_3522,2,36,58.82,2117.52
10217,S32_3522,7,39,62.05,2419.95
10229,S32_3522,12,30,73.04,2191.2
10245,S32_3522,5,44,69.16,3043.04
10258,S32_3522,2,20,61.41,1228.2
10270,S32_3522,5,21,63.35,1330.35
10281,S32_3522,12,36,77.57,2792.52
10291,S32_3522,7,32,71.75,2296
10304,S32_3522,2,36,73.04,2629.44
10313,S32_3522,10,34,56.24,1912.16
10324,S32_3522,4,48,171.03,8209.44
10348,S32_3522,5,31,101.29,3139.99
10358,S32_3522,2,36,157.49,5669.64
10370,S32_3522,3,25,126.41,3160.25
10382,S32_3522,8,48,141.66,6799.68
10411,S32_3522,5,27,69.16,1867.32
10424,S32_3522,2,44,61.41,2702.04
10106,S32_4289,5,33,72.92,2406.36
10120,S32_4289,11,29,72.23,2094.67
10133,S32_4289,6,49,57.1,2797.9
10144,S32_4289,1,20,81.86,1637.2
10168,S32_4289,12,31,73.61,2281.91
10210,S32_4289,10,39,59.16,2307.24
10223,S32_4289,12,20,66.04,1320.8
10235,S32_4289,6,34,77.73,2642.82
10250,S32_4289,7,50,61.22,3061
10262,S32_4289,2,40,79.11,3164.4
10275,S32_4289,12,28,63.97,1791.16
10284,S32_4289,4,50,81.86,4093
10297,S32_4289,7,28,79.8,2234.4
10308,S32_4289,10,46,66.04,3037.84
10316,S32_4289,2,24,59.16,1419.84
10328,S32_4289,5,24,81.17,1948.08
10340,S32_4289,3,39,59.16,2307.24
10353,S32_4289,7,40,44.51,1780.4
10361,S32_4289,2,49,72.33,3544.17
10375,S32_4289,4,44,82.26,3619.44
10388,S32_4289,8,35,111.97,3918.95
10398,S32_4289,4,22,67.41,1483.02
10401,S32_4289,6,62,77.73,4819.26
10416,S32_4289,7,26,61.22,1591.72
10108,S32_4485,16,31,118.38,3669.78
10121,S32_4485,3,25,86.74,2168.5
10135,S32_4485,17,30,89.8,2694
10145,S32_4485,4,27,120.42,3251.34
10169,S32_4485,12,34,115.32,3920.88
10180,S32_4485,7,22,114.3,2514.6
10190,S32_4485,4,42,85.72,3600.24
10211,S32_4485,12,37,109.19,4040.03
10224,S32_4485,5,30,111.23,3336.9
10237,S32_4485,5,27,115.32,3113.64
10252,S32_4485,9,25,113.28,2832
10264,S32_4485,7,34,97.97,3330.98
10276,S32_4485,13,38,113.28,4304.64
10285,S32_4485,4,26,100.01,2600.26
10299,S32_4485,7,38,115.32,4382.16
10309,S32_4485,3,50,84.7,4235
10319,S32_4485,8,22,119.4,2626.8
10331,S32_4485,4,32,157.08,5026.56
10341,S32_4485,4,31,71.02,2201.62
10355,S32_4485,5,40,108.17,4326.8
10365,S32_4485,3,22,155.69,3425.18
10375,S32_4485,15,41,114.68,4701.88
10390,S32_4485,12,45,48.98,2204.1
10403,S32_4485,5,45,115.32,5189.4
10106,S50_1341,6,39,40.15,1565.85
10120,S50_1341,12,49,50.62,2480.38
10133,S50_1341,7,27,50.19,1355.13
10143,S50_1341,1,34,36.66,1246.44
10156,S50_1341,1,20,41.02,820.4
10168,S50_1341,13,48,51.93,2492.64
10199,S50_1341,1,29,38.4,1113.6
10210,S50_1341,11,43,41.02,1763.86
10223,S50_1341,13,41,46.26,1896.66
10235,S50_1341,7,41,35.35,1449.35
10250,S50_1341,8,36,51.93,1869.48
10262,S50_1341,3,49,37.97,1860.53
10275,S50_1341,13,38,45.39,1724.82
10284,S50_1341,5,33,51.93,1713.69
10296,S50_1341,1,26,48.44,1259.44
10308,S50_1341,11,47,43.64,2051.08
10316,S50_1341,3,34,47.57,1617.38
10328,S50_1341,7,34,51.93,1765.62
10340,S50_1341,4,40,50.62,2024.8
10353,S50_1341,8,40,82.21,3288.4
10361,S50_1341,3,33,82.59,2725.47
10375,S50_1341,5,49,65.8,3224.2
10388,S50_1341,1,27,118.94,3211.38
10398,S50_1341,5,49,36.66,1796.34
10401,S50_1341,7,56,35.35,1979.6
10416,S50_1341,8,37,51.93,1921.41
10104,S50_1392,7,33,112.28,3705.24
10115,S50_1392,3,27,105.33,2843.91
10127,S50_1392,9,46,134.27,6176.42
10141,S50_1392,3,44,125.01,5500.44
10151,S50_1392,1,26,123.85,3220.1
10165,S50_1392,10,48,94.92,4556.16
10176,S50_1392,9,23,135.43,3114.89
10184,S50_1392,4,45,109.96,4948.2
10195,S50_1392,4,49,105.33,5161.17
10207,S50_1392,5,28,94.92,2657.76
10220,S50_1392,9,37,107.65,3983.05
10230,S50_1392,7,34,116.91,3974.94
10246,S50_1392,3,22,133.11,2928.42
10259,S50_1392,2,29,105.33,3054.57
10271,S50_1392,3,34,98.39,3345.26
10282,S50_1392,12,38,113.44,4310.72
10292,S50_1392,6,41,121.54,4983.14
10305,S50_1392,3,42,109.96,4618.32
10314,S50_1392,12,28,121.54,3403.12
10325,S50_1392,4,38,136.59,5190.42
10336,S50_1392,8,23,136.59,3141.57
10350,S50_1392,8,31,71.4,2213.4
10359,S50_1392,2,46,106.45,4896.7
10371,S50_1392,10,48,56.55,2714.4
10383,S50_1392,13,29,106.45,3087.05
10395,S50_1392,4,46,123.76,5692.96
10412,S50_1392,3,26,133.11,3460.86
10425,S50_1392,2,18,105.33,1895.94
10104,S50_1514,2,32,53.31,1705.92
10117,S50_1514,11,21,49.21,1033.41
10127,S50_1514,4,46,69.12,3179.52
10142,S50_1514,14,42,49.79,2091.18
10153,S50_1514,13,31,57.41,1779.71
10165,S50_1514,5,38,66.78,2537.64
10176,S50_1514,4,38,64.44,2448.72
10185,S50_1514,15,20,48.62,972.4
10196,S50_1514,7,46,62.09,2856.14
10208,S50_1514,15,30,65.61,1968.3
10220,S50_1514,4,30,68.54,2056.2
10230,S50_1514,2,43,52.14,2242.02
10247,S50_1514,4,49,63.85,3128.65
10272,S50_1514,4,43,56.82,2443.26
10282,S50_1514,7,37,66.78,2470.86
10292,S50_1514,1,35,55.07,1927.45
10306,S50_1514,15,34,60.34,2051.56
10314,S50_1514,7,38,61.51,2337.38
10325,S50_1514,7,44,134.84,5932.96
10337,S50_1514,6,21,109.37,2296.77
10350,S50_1514,17,44,147.52,6490.88
10359,S50_1514,4,25,64.93,1623.25
10372,S50_1514,9,24,58.58,1405.92
10383,S50_1514,10,38,60.06,2282.28
10395,S50_1514,3,45,199.49,8977.05
10413,S50_1514,4,51,63.85,3256.35
10108,S50_4713,14,34,82.99,2821.66
10121,S50_4713,1,44,74.85,3293.4
10135,S50_4713,15,44,96,4224
10145,S50_4713,2,38,81.36,3091.68
10169,S50_4713,10,48,80.55,3866.4
10180,S50_4713,5,21,93.56,1964.76
10190,S50_4713,2,40,66.72,2668.8
10211,S50_4713,10,40,80.55,3222
10224,S50_4713,3,50,77.29,3864.5
10237,S50_4713,3,20,68.34,1366.8
10252,S50_4713,7,48,72.41,3475.68
10264,S50_4713,5,47,89.5,4206.5
10276,S50_4713,11,21,70.78,1486.38
10285,S50_4713,2,39,78.92,3077.88
10299,S50_4713,5,44,80.55,3544.2
10309,S50_4713,1,28,88.68,2483.04
10319,S50_4713,6,45,77.29,3478.05
10331,S50_4713,5,20,182.89,3657.8
10341,S50_4713,3,38,123.22,4682.36
10356,S50_4713,4,26,151.45,3937.7
10365,S50_4713,2,44,113.28,4984.32
10375,S50_4713,8,49,110.34,5406.66
10390,S50_4713,13,22,158.69,3491.18
10403,S50_4713,3,31,68.34,2118.54
10105,S700_1138,5,41,70.67,2897.47
10119,S700_1138,14,25,76.67,1916.75
10129,S700_1138,5,31,60,1860
10142,S700_1138,2,41,64,2624
10153,S700_1138,1,43,64.67,2780.81
10167,S700_1138,12,43,75.34,3239.62
10177,S700_1138,3,24,76,1824
10185,S700_1138,3,21,54,1134
10197,S700_1138,9,23,64.67,1487.41
10208,S700_1138,3,38,74.67,2837.46
10222,S700_1138,15,31,62.67,1942.77
10233,S700_1138,3,36,70.67,2544.12
10248,S700_1138,6,36,71.34,2568.24
10261,S700_1138,4,34,62,2108
10273,S700_1138,7,21,65.34,1372.14
10283,S700_1138,9,45,78.67,3540.15
10295,S700_1138,4,26,75.34,1958.84
10306,S700_1138,3,50,54,2700
10315,S700_1138,2,41,62,2542
10326,S700_1138,1,39,60,2340
10339,S700_1138,5,22,128.02,2816.44
10350,S700_1138,11,46,76.67,3526.82
10373,S700_1138,14,44,105.18,4627.92
10385,S700_1138,1,25,77.34,1933.5
10396,S700_1138,1,39,66.67,2600.13
10414,S700_1138,6,37,71.34,2639.58
10106,S700_1691,7,31,106.87,3312.97
10120,S700_1691,13,47,82.21,3863.87
10133,S700_1691,8,24,77.64,1863.36
10143,S700_1691,2,36,109.61,3945.96
10156,S700_1691,2,48,103.21,4954.08
10168,S700_1691,14,28,98.65,2762.2
10199,S700_1691,2,48,83.12,3989.76
10210,S700_1691,12,21,78.55,1649.55
10223,S700_1691,14,25,101.39,2534.75
10235,S700_1691,8,25,103.21,2580.25
10250,S700_1691,9,31,91.34,2831.54
10262,S700_1691,4,40,84.03,3361.2
10275,S700_1691,14,32,89.51,2864.32
10284,S700_1691,6,24,83.12,1994.88
10296,S700_1691,2,42,102.3,4296.6
10308,S700_1691,12,21,105.95,2224.95
10316,S700_1691,4,34,82.21,2795.14
10328,S700_1691,8,27,102.3,2762.1
10340,S700_1691,5,30,88.6,2658
10353,S700_1691,9,39,129.33,5043.87
10361,S700_1691,4,20,60.54,1210.8
10375,S700_1691,6,37,81.87,3029.19
10388,S700_1691,2,46,218.84,10066.6
10398,S700_1691,6,47,87.69,4121.43
10401,S700_1691,8,11,103.21,1135.31
10416,S700_1691,9,23,91.34,2100.82
10105,S700_1938,12,29,70.15,2034.35
10117,S700_1938,6,38,79.68,3027.84
10128,S700_1938,3,32,97,3104
10142,S700_1938,9,43,84.01,3612.43
10153,S700_1938,8,31,87.48,2711.88
10166,S700_1938,3,29,103.93,3013.97
10177,S700_1938,10,31,88.34,2738.54
10185,S700_1938,10,30,94.4,2832
10196,S700_1938,2,50,94.4,4720
10208,S700_1938,10,40,80.55,3222
10221,S700_1938,4,23,97,2231
10232,S700_1938,7,26,88.34,2296.84
10248,S700_1938,13,40,103.93,4157.2
10273,S700_1938,14,21,102.2,2146.2
10282,S700_1938,2,43,86.61,3724.23
10293,S700_1938,5,29,71.89,2084.81
10306,S700_1938,10,38,91.81,3488.78
10314,S700_1938,2,23,76.22,1753.06
10327,S700_1938,7,20,173.46,3469.2
10337,S700_1938,9,36,70.3,2530.8
10350,S700_1938,4,28,104.44,2924.32
10372,S700_1938,2,44,102.2,4496.8
10397,S700_1938,5,32,80.55,2577.6
10414,S700_1938,13,34,103.93,3533.62
10106,S700_2047,16,30,105.91,3177.3
10119,S700_2047,7,29,94.14,2730.06
10131,S700_2047,8,22,85.99,1891.78
10143,S700_2047,11,26,100.48,2612.48
10155,S700_2047,9,32,91.43,2925.76
10167,S700_2047,5,29,101.38,2940.02
10178,S700_2047,8,34,96.86,3293.24
10186,S700_2047,5,24,99.57,2389.68
10197,S700_2047,2,24,90.52,2172.48
10222,S700_2047,8,26,102.29,2659.54
10249,S700_2047,4,40,95.95,3838
10262,S700_2047,13,44,94.14,4142.16
10274,S700_2047,5,24,90.52,2172.48
10283,S700_2047,2,20,94.14,1882.8
10296,S700_2047,11,34,102.29,3477.86
10307,S700_2047,5,34,97.76,3323.84
10316,S700_2047,13,45,93.24,4195.8
10328,S700_2047,9,41,101.38,4156.58
10339,S700_2047,15,55,71.25,3918.75
10352,S700_2047,3,23,102.29,2352.67
10361,S700_2047,14,24,45.39,1089.36
10373,S700_2047,15,32,84.41,2701.12
10386,S700_2047,13,29,85.76,2487.04
10398,S700_2047,7,36,108.62,3910.32
10400,S700_2047,5,46,87.8,4038.8
10415,S700_2047,4,32,95.95,3070.4
10106,S700_2466,9,34,110.69,3763.46
10120,S700_2466,15,24,107.7,2584.8
10131,S700_2466,1,40,110.69,4427.6
10143,S700_2466,4,26,82.77,2152.02
10155,S700_2466,2,20,117.67,2353.4
10168,S700_2466,16,31,110.69,3431.39
10178,S700_2466,1,22,87.75,1930.5
10198,S700_2466,1,42,113.68,4774.56
10210,S700_2466,14,26,99.72,2592.72
10222,S700_2466,1,37,87.75,3246.75
10235,S700_2466,10,38,88.75,3372.5
10250,S700_2466,11,35,111.69,3909.15
10262,S700_2466,6,33,90.75,2994.75
10275,S700_2466,16,39,114.68,4472.52
10284,S700_2466,8,45,101.71,4576.95
10296,S700_2466,4,24,101.71,2441.04
10308,S700_2466,14,35,88.75,3106.25
10316,S700_2466,6,23,117.67,2706.41
10328,S700_2466,10,37,108.69,4021.53
10340,S700_2466,7,55,87.75,4826.25
10352,S700_2466,2,49,100.72,4935.28
10361,S700_2466,9,26,105.95,2754.7
10375,S700_2466,1,33,116.87,3856.71
10386,S700_2466,14,37,83.84,3102.08
10398,S700_2466,8,22,86.76,1908.72
10401,S700_2466,10,85,88.75,7543.75
10416,S700_2466,11,22,111.69,2457.18
10105,S700_2610,3,31,65.77,2038.87
10119,S700_2610,12,38,65.77,2499.26
10129,S700_2610,3,45,85.29,3838.05
10143,S700_2610,16,31,85.29,2643.99
10154,S700_2610,1,36,64.33,2315.88
10167,S700_2610,10,46,70.11,3225.06
10177,S700_2610,1,32,76.62,2451.84
10185,S700_2610,1,39,57.82,2254.98
10197,S700_2610,7,50,78.79,3939.5
10208,S700_2610,1,46,74.45,3424.7
10222,S700_2610,13,36,80.95,2914.2
10233,S700_2610,1,29,82.4,2389.6
10248,S700_2610,4,32,75.89,2428.48
10261,S700_2610,2,44,68.67,3021.48
10273,S700_2610,5,42,62.16,2610.72
10283,S700_2610,7,47,65.77,3091.19
10295,S700_2610,2,44,58.55,2576.2
10306,S700_2610,1,43,75.17,3232.31
10316,S700_2610,18,48,74.45,3573.6
10327,S700_2610,1,21,96.31,2022.51
10339,S700_2610,9,50,74.35,3717.5
10350,S700_2610,12,29,75.35,2185.15
10373,S700_2610,16,41,70.33,2883.53
10386,S700_2610,10,37,135.61,5017.57
10397,S700_2610,4,22,66.5,1463
10414,S700_2610,4,31,75.89,2352.59
10103,S700_2824,6,42,106.21,4460.82
10114,S700_2824,10,42,113.29,4758.18
10126,S700_2824,6,45,102.16,4597.2
10140,S700_2824,6,36,114.3,4114.8
10150,S700_2824,3,20,105.2,2104
10164,S700_2824,4,39,81.93,3195.27
10175,S700_2824,11,42,85.98,3611.16
10183,S700_2824,3,23,86.99,2000.77
10194,S700_2824,6,26,89.01,2314.26
10206,S700_2824,1,33,117.33,3871.89
10217,S700_2824,6,31,88,2728
10229,S700_2824,11,50,112.28,5614
10245,S700_2824,4,44,105.2,4628.8
10258,S700_2824,1,45,80.92,3641.4
10270,S700_2824,4,46,88,4048
10281,S700_2824,11,27,85.98,2321.46
10291,S700_2824,6,28,116.32,3256.96
10304,S700_2824,1,40,105.2,4208
10313,S700_2824,9,30,99.13,2973.9
10324,S700_2824,5,34,124.95,4248.3
10336,S700_2824,2,46,207.8,9558.8
10348,S700_2824,7,32,82.83,2650.56
10358,S700_2824,3,27,139.31,3761.37
10371,S700_2824,3,34,126.51,4301.34
10382,S700_2824,9,34,54.84,1864.56
10411,S700_2824,4,34,105.2,3576.8
10424,S700_2824,1,46,80.92,3722.32
10106,S700_2834,1,32,124.58,3986.56
10120,S700_2834,7,24,142.38,3417.12
10133,S700_2834,2,27,99.67,2691.09
10145,S700_2834,13,20,137.63,2752.6
10168,S700_2834,8,36,125.77,4527.72
10188,S700_2834,8,29,136.45,3957.05
10210,S700_2834,6,25,112.72,2818
10223,S700_2834,8,29,110.34,3199.86
10235,S700_2834,2,25,96.11,2402.75
10250,S700_2834,3,44,137.63,6055.72
10263,S700_2834,9,47,116.28,5465.16
10275,S700_2834,8,48,132.89,6378.72
10285,S700_2834,13,45,119.84,5392.8
10297,S700_2834,3,35,113.9,3986.5
10308,S700_2834,6,31,129.33,4009.23
10318,S700_2834,8,50,142.38,7119
10328,S700_2834,11,33,123.4,4072.2
10340,S700_2834,6,29,141.19,4094.51
10353,S700_2834,4,48,68.8,3302.4
10361,S700_2834,5,44,72.42,3186.48
10375,S700_2834,10,25,66.73,1668.25
10388,S700_2834,3,50,143.09,7154.5
10398,S700_2834,9,23,122.21,2810.83
10401,S700_2834,2,21,96.11,2018.31
10416,S700_2834,3,41,137.63,5642.83
10106,S700_3167,8,44,74.4,3273.6
10120,S700_3167,14,43,76,3268
10143,S700_3167,3,28,96,2688
10155,S700_3167,1,43,86.4,3715.2
10168,S700_3167,15,48,96,4608
10199,S700_3167,3,38,82.4,3131.2
10210,S700_3167,13,31,86.4,2678.4
10223,S700_3167,15,26,67.2,1747.2
10235,S700_3167,9,32,92,2944
10250,S700_3167,10,44,67.2,2956.8
10262,S700_3167,5,27,76,2052
10275,S700_3167,15,43,73.6,3164.8
10284,S700_3167,7,25,69.6,1740
10296,S700_3167,3,22,80.8,1777.6
10308,S700_3167,13,21,87.2,1831.2
10316,S700_3167,5,48,75.2,3609.6
10328,S700_3167,13,33,64,2112
10341,S700_3167,5,34,107.18,3644.12
10353,S700_3167,6,43,81.95,3523.85
10361,S700_3167,10,44,113.68,5001.92
10375,S700_3167,11,44,118.38,5208.72
10386,S700_3167,17,32,94.34,3018.88
10398,S700_3167,10,29,65.6,1902.4
10401,S700_3167,9,77,92,7084
10416,S700_3167,10,39,67.2,2620.8
10105,S700_3505,6,39,81.14,3164.46
10118,S700_3505,1,36,117.2,4219.2
10129,S700_3505,6,42,91.15,3828.3
10142,S700_3505,3,21,111.19,2334.99
10153,S700_3505,2,50,88.15,4407.5
10167,S700_3505,13,24,117.2,2812.8
10177,S700_3505,4,44,92.16,4055.04
10185,S700_3505,4,37,105.18,3891.66
10197,S700_3505,10,27,92.16,2488.32
10208,S700_3505,4,37,120.2,4447.4
10222,S700_3505,16,38,110.19,4187.22
10232,S700_3505,1,48,96.16,4615.68
10248,S700_3505,7,30,108.18,3245.4
10261,S700_3505,5,25,88.15,2203.75
10273,S700_3505,8,40,86.15,3446
10283,S700_3505,10,22,88.15,1939.3
10295,S700_3505,5,34,102.17,3473.78
10306,S700_3505,4,32,90.15,2884.8
10315,S700_3505,3,31,86.15,2670.65
10327,S700_3505,2,43,80,3440
10337,S700_3505,1,31,89.38,2770.78
10350,S700_3505,13,31,77.34,2397.54
10373,S700_3505,2,34,96.34,3275.56
10386,S700_3505,2,45,92.08,4143.6
10397,S700_3505,3,48,108.18,5192.64
10414,S700_3505,7,28,108.18,3029.04
10105,S700_3962,7,22,116.19,2556.18
10117,S700_3962,1,45,83.42,3753.9
10129,S700_3962,7,30,85.41,2562.3
10142,S700_3962,4,38,85.41,3245.58
10153,S700_3962,3,20,110.23,2204.6
10167,S700_3962,14,28,107.25,3003
10177,S700_3962,5,24,105.27,2526.48
10185,S700_3962,5,22,79.45,1747.9
10197,S700_3962,11,35,93.35,3267.25
10208,S700_3962,5,33,85.41,2818.53
10222,S700_3962,17,31,95.34,2955.54
10232,S700_3962,2,35,82.43,2885.05
10248,S700_3962,8,35,90.37,3162.95
10261,S700_3962,6,50,81.43,4071.5
10273,S700_3962,9,26,114.21,2969.46
10283,S700_3962,11,38,89.38,3396.44
10294,S700_3962,1,45,104.28,4692.6
10306,S700_3962,5,30,117.19,3515.7
10315,S700_3962,4,37,91.37,3380.69
10327,S700_3962,3,37,86.61,3204.57
10337,S700_3962,7,36,71.89,2588.04
10350,S700_3962,16,25,114.19,2854.75
10373,S700_3962,8,37,108.8,4025.6
10386,S700_3962,3,30,95.48,2864.4
10397,S700_3962,2,36,105.27,3789.72
10414,S700_3962,8,27,90.37,2439.99
10106,S700_4002,10,48,61.44,2949.12
10119,S700_4002,1,26,59.22,1539.72
10131,S700_4002,2,26,85.13,2213.38
10143,S700_4002,5,34,85.87,2919.58
10155,S700_4002,3,44,85.87,3778.28
10168,S700_4002,17,39,82.91,3233.49
10178,S700_4002,2,45,76.25,3431.25
10198,S700_4002,2,40,63.67,2546.8
10210,S700_4002,15,42,70.33,2953.86
10222,S700_4002,2,43,74.03,3183.29
10235,S700_4002,11,34,72.55,2466.7
10250,S700_4002,12,38,62.19,2363.22
10262,S700_4002,7,35,71.07,2487.45
10275,S700_4002,17,31,72.55,2249.05
10284,S700_4002,9,32,64.41,2061.12
10296,S700_4002,5,47,86.62,4071.14
10308,S700_4002,15,39,68.11,2656.29
10316,S700_4002,7,44,62.19,2736.36
10328,S700_4002,12,39,85.87,3348.93
10339,S700_4002,8,50,57.86,2893
10352,S700_4002,1,22,75.51,1661.22
10361,S700_4002,11,35,122.21,4277.35
10373,S700_4002,17,45,55.62,2502.9
10386,S700_4002,15,44,86.4,3801.6
10398,S700_4002,12,36,87.36,3144.96
10401,S700_4002,11,28,72.55,2031.4
10416,S700_4002,12,43,62.19,2674.17
10106,S72_1253,15,48,52.64,2526.72
10119,S72_1253,6,28,48.17,1348.76
10131,S72_1253,7,21,41.71,875.91
10143,S72_1253,10,37,50.65,1874.05
10155,S72_1253,8,34,49.16,1671.44
10167,S72_1253,4,40,41.71,1668.4
10178,S72_1253,7,45,51.15,2301.75
10186,S72_1253,4,28,52.14,1459.92
10197,S72_1253,1,29,41.71,1209.59
10222,S72_1253,7,31,45.69,1416.39
10249,S72_1253,3,32,57.61,1843.52
10262,S72_1253,12,21,57.11,1199.31
10274,S72_1253,4,32,58.6,1875.2
10283,S72_1253,1,43,57.61,2477.23
10296,S72_1253,10,21,45.19,948.99
10307,S72_1253,4,34,53.63,1823.42
10316,S72_1253,12,34,43.7,1485.8
10329,S72_1253,8,44,86.13,3789.72
10339,S72_1253,6,27,76.31,2060.37
10352,S72_1253,4,49,52.64,2579.36
10361,S72_1253,12,23,95.2,2189.6
10373,S72_1253,9,25,64.97,1624.25
10386,S72_1253,16,50,87.15,4357.5
10398,S72_1253,1,34,40.22,1367.48
10400,S72_1253,4,20,56.12,1122.4
10415,S72_1253,3,42,57.61,2419.62
10105,S72_3212,8,25,56.78,1419.5
10117,S72_3212,2,50,43.68,2184
10129,S72_3212,8,32,64.97,2079.04
10142,S72_3212,5,39,44.23,1724.97
10153,S72_3212,4,50,60.06,3003
10167,S72_3212,15,38,48.59,1846.42
10177,S72_3212,6,40,50.23,2009.2
10185,S72_3212,6,28,64.43,1804.04
10197,S72_3212,12,42,50.23,2109.66
10208,S72_3212,6,42,63.88,2682.96
10222,S72_3212,18,36,63.34,2280.24
10232,S72_3212,3,24,49.69,1192.56
10248,S72_3212,9,23,65.52,1506.96
10261,S72_3212,7,29,50.78,1472.62
10273,S72_3212,10,37,45.86,1696.82
10283,S72_3212,12,33,51.32,1693.56
10293,S72_3212,1,32,60.06,1921.92
10306,S72_3212,6,35,59.51,2082.85
10315,S72_3212,5,40,55.69,2227.6
10327,S72_3212,4,37,86.74,3209.38
10337,S72_3212,5,42,97.16,4080.72
10350,S72_3212,15,20,112.22,2244.4
10373,S72_3212,1,29,137.19,3978.51
10386,S72_3212,4,43,125.99,5417.57
10397,S72_3212,1,34,62.24,2116.16
10414,S72_3212,9,47,65.52,3079.44
